product_name,product_id,product_count,rating
"Pulse Money",P000519,38,4.07
"Everest Response",P000762,37,3.87
"GreenLeaf Rule",P001164,36,3.46
"Harbor Development",P001354,35,2.93
"Zenith Environmental",P001239,35,3.79
"GreenLeaf Card",P000902,35,4.12
"Everest She",P001001,35,2.79
"Zenith Stop",P000448,35,2.57
"Zenith School",P000007,35,2.61
"Orion Range",P000819,35,3.67
"GreenLeaf Save",P000636,35,3.78
"Zenith Like",P001488,34,3
"Willow Evening",P000027,34,2.7
"Zenith North",P000760,34,4.88
"Zenith Soon",P000152,34,4.64
"Zenith Reduce",P001244,34,4.53
"Acme Then",P001772,34,4.07
"GreenLeaf Move",P000265,34,4.52
"Everest Parent",P000650,33,4.24
"Orion Follow",P001499,33,2.85
"GreenLeaf Major",P001989,33,3.58
"Everest Family",P000767,33,2.61
"NeoTech Ask",P000433,33,3.46
"Zenith Treatment",P000515,33,4.74
"NeoTech Throw",P000509,33,3.75
"Pulse All",P001208,33,4.83
"Everest Sell",P000244,33,4.08
"Solace Team",P000133,33,4.21
"Solace Street",P000248,33,2.51
"Everest All",P001852,33,4.29
"Harbor National",P000825,33,4.35
"GreenLeaf Eye",P001654,33,3.53
"Orion Fund",P001466,33,3.29
"Harbor Wonder",P001055,33,4.87
"Pulse Project",P000046,33,4.52
"Willow Treatment",P001794,32,3.89
"Solace Bill",P000251,32,2.71
"Harbor Opportunity",P000395,32,3.65
"Astra Early",P001348,32,3.58
"Solace At",P001869,32,4.33
"NeoTech Able",P000832,32,4.76
"Everest Fast",P001760,32,2.95
"Zenith Lawyer",P001613,32,4.81
"Orion Mention",P000740,32,2.66
"Willow Eye",P001984,32,3.08
"Willow Break",P001622,32,2.62
"Pulse Still",P001883,32,3.79
"Everest Now",P001489,32,3.23
"Solace Activity",P000788,32,4.03
"Solace Particular",P000077,32,3.91
"Nimbus Seven",P000633,32,2.82
"Harbor Success",P001387,32,4.45
"Everest Beautiful",P000638,32,3.45
"Willow Never",P001165,32,4.89
"Nimbus Hot",P000930,32,3.71
"Zenith Game",P000789,32,4.25
"GreenLeaf Item",P000803,31,3.43
"Harbor Night",P001002,31,3.68
"NeoTech When",P000006,31,3.2
"Zenith Foreign",P000540,31,3.08
"Astra Significant",P000347,31,3.89
"Willow Amount",P001850,31,3.7
"Harbor Bar",P000784,31,2.63
"Harbor Cost",P000954,31,3.32
"Acme Type",P001922,31,2.79
"NeoTech Purpose",P001641,31,3.24
"Willow Mean",P001329,31,3.55
"GreenLeaf Push",P001511,31,3.49
"Astra Season",P000293,31,3.34
"Acme Room",P000855,31,3.4
"GreenLeaf Throughout",P000107,31,2.85
"Nimbus Small",P001257,31,3.66
"Orion Enter",P001092,31,3.08
"Orion Begin",P001225,31,2.87
"NeoTech Certainly",P000095,31,4.88
"Harbor Laugh",P001767,31,4.73
"Nimbus Knowledge",P000512,31,4.22
"Willow A",P000629,31,3.12
"Willow Determine",P000078,31,3.4
"NeoTech Civil",P001392,31,3.63
"Willow Beyond",P000507,31,2.81
"Harbor Hear",P001156,31,3.87
"Pulse Treat",P000731,31,4.23
"Astra Such",P001554,31,3.74
"NeoTech Guess",P000758,31,4.54
"Orion Event",P001773,31,3.21
"Zenith Into",P001713,31,4.17
"Acme Owner",P000497,30,3.69
"Willow Site",P000304,30,2.68
"Everest Religious",P001722,30,3.51
"Acme South",P000960,30,2.5
"Acme Behavior",P000980,30,3.06
"Everest Republican",P001610,30,3.28
"Astra Act",P001081,30,2.77
"NeoTech Eye",P000777,30,4.64
"Willow Hospital",P001925,30,3.45
"Nimbus Our",P001258,30,2.52
"Harbor Accept",P001245,30,3.96
"Everest Choose",P000035,30,4.63
"GreenLeaf Interview",P000144,30,4.2
"Willow Week",P000074,30,4.52
"GreenLeaf No",P001215,30,4.48
"Solace Create",P001614,30,2.92
"Everest Reality",P001962,30,3.22
"Pulse Surface",P000102,30,4.78
"Harbor Suggest",P000956,30,4.15
"Willow Purpose",P001766,30,3.51
"Pulse Look",P001695,30,4.78
"Orion Guy",P000185,30,2.77
"Solace Guy",P001826,30,4.34
"Astra Space",P000918,30,4.11
"Solace So",P000955,30,2.84
"Harbor West",P000506,30,4.68
"Willow Sing",P001112,30,2.93
"Solace Follow",P000413,30,3.76
"GreenLeaf Action",P001952,30,3.03
"Solace A",P000018,30,3.06
"Orion Child",P001965,30,3.1
"GreenLeaf Reveal",P000684,29,3.76
"Acme Road",P001940,29,2.78
"Solace Finish",P000247,29,3.76
"Acme Wrong",P001080,29,4.63
"Acme Democratic",P001791,29,3.17
"GreenLeaf A",P000908,29,3.31
"Pulse Fly",P001981,29,3.32
"Everest Single",P001639,29,3.94
"Solace Social",P000380,29,2.57
"Acme Clear",P000936,29,3.79
"Solace Most",P001309,29,4.32
"Zenith Behavior",P000231,29,3.27
"Orion Strategy",P001359,29,3.63
"Orion Season",P001230,29,2.69
"GreenLeaf Bar",P000111,29,3.86
"Orion Kitchen",P001842,29,4.12
"Zenith Might",P000233,29,2.64
"Pulse Six",P000649,29,3.7
"Harbor Thought",P001250,29,4.51
"Orion Indicate",P000261,29,2.65
"Solace Easy",P000178,29,4.74
"Harbor Natural",P000172,29,2.53
"Zenith Now",P000939,29,3.87
"Nimbus Much",P001645,29,3.42
"Pulse Security",P001036,29,4.86
"NeoTech Democrat",P001420,29,2.61
"Astra Likely",P001078,29,3.9
"NeoTech Truth",P001251,29,3.67
"Everest Almost",P000484,29,4.89
"Solace Step",P001746,29,4.14
"NeoTech Vote",P000287,29,3.12
"GreenLeaf Mr",P001322,29,3.19
"Astra Reveal",P001401,29,2.69
"Nimbus Attack",P001543,29,3.65
"Solace Interesting",P000104,29,2.97
"NeoTech Professor",P000118,29,2.81
"Orion Pull",P001009,29,2.86
"Nimbus To",P000052,29,3.17
"Everest Truth",P001516,29,3.57
"Orion Voice",P000861,29,3.54
"Zenith Fly",P001107,29,4.78
"Solace Personal",P001334,29,3.49
"Everest Several",P001585,29,3.37
"GreenLeaf They",P000011,29,2.77
"Acme Field",P001644,29,2.51
"Nimbus Report",P000824,29,4.8
"Orion Wrong",P001353,29,3.14
"Nimbus Word",P001652,29,3.65
"Nimbus Little",P000210,29,4.19
"Zenith Discuss",P001749,29,2.51
"Astra Daughter",P000621,29,4.63
"NeoTech Participant",P001266,29,3.78
"NeoTech Despite",P001440,29,4.37
"Orion Face",P000198,29,4.66
"GreenLeaf Measure",P000721,29,3.74
"Zenith Military",P001796,29,4.68
"Zenith Pm",P000737,29,4.32
"Nimbus Size",P001844,29,2.99
"Harbor Cup",P000947,29,2.99
"Harbor Think",P000774,29,4.69
"Orion Second",P001344,28,2.72
"Willow Past",P001139,28,4.71
"Astra Town",P000164,28,2.81
"Nimbus Economic",P001492,28,4.85
"Zenith Friend",P000587,28,3.92
"Willow Pressure",P001379,28,4.04
"Solace Most",P000263,28,3.47
"Zenith Along",P001524,28,2.6
"Nimbus Want",P001039,28,2.99
"Pulse Else",P001586,28,3.27
"Zenith Stay",P000428,28,3.11
"Zenith Few",P001839,28,4.13
"Orion Get",P000820,28,2.51
"Willow Maintain",P001764,28,4.69
"Willow Message",P001983,28,3.89
"Zenith Left",P001454,28,4.07
"Astra Many",P001011,28,4.42
"Solace But",P001294,28,4.28
"Harbor May",P001265,28,3.91
"Astra Hospital",P000479,28,3.78
"Willow Firm",P001095,28,3.58
"Astra Five",P001612,28,3.67
"Willow Property",P000496,28,2.86
"Astra Cell",P001201,28,4.2
"Orion Firm",P000084,28,4.44
"Solace Sound",P001741,28,2.72
"Harbor Who",P000462,28,3.41
"Harbor By",P001093,28,3.86
"Nimbus Seven",P000779,28,4.35
"Astra Great",P000443,28,4.87
"Orion Ten",P001362,28,3.12
"Zenith Believe",P001398,28,3.68
"Acme It",P001647,28,3.17
"Nimbus Safe",P001936,28,3.14
"NeoTech Score",P001505,28,3.54
"Pulse Serious",P000216,28,4.86
"GreenLeaf Save",P001022,28,2.78
"Willow Out",P000529,28,4.87
"GreenLeaf Just",P001343,28,4.64
"Orion Hit",P001283,28,3.04
"Zenith Thus",P000237,28,2.97
"Willow Court",P001040,28,4.13
"Astra Next",P000589,28,4.86
"NeoTech Attack",P001172,28,3.63
"Orion Instead",P000888,28,4.5
"Astra Where",P000570,28,2.68
"Harbor Last",P000218,28,2.93
"Everest Well",P001315,28,3.39
"Nimbus Treat",P001576,28,4.64
"Nimbus Take",P000384,28,2.69
"GreenLeaf Or",P001206,27,4.08
"Everest Million",P000331,27,4.02
"Solace Move",P000208,27,2.71
"Willow Nation",P000884,27,4.05
"Everest Beautiful",P001784,27,3.77
"Everest End",P000560,27,2.9
"NeoTech Late",P001888,27,2.95
"Acme Subject",P001870,27,3.16
"Astra Can",P001195,27,3.01
"Willow Result",P000396,27,2.63
"Acme Theory",P001769,27,3.51
"Nimbus Who",P000492,27,4.07
"GreenLeaf Current",P000950,27,2.55
"Nimbus Whose",P000473,27,2.99
"NeoTech Power",P000042,27,4.49
"Pulse Street",P001192,27,2.94
"Harbor Wrong",P001801,27,3.12
"Acme Coach",P000390,27,3.79
"Zenith Without",P001293,27,3.3
"Pulse Above",P001837,27,3.13
"NeoTech Great",P001232,27,4.7
"Everest Try",P000645,27,3.33
"GreenLeaf Interview",P001326,27,4
"NeoTech School",P001663,27,3.85
"Acme Wait",P001557,27,4.14
"NeoTech Tend",P001810,27,3.48
"Everest Against",P000369,27,3.26
"Solace Foot",P000285,27,3.48
"Astra Cost",P000677,27,3.85
"Orion Race",P001822,27,3.57
"Acme Of",P000555,27,2.52
"Harbor Necessary",P000501,27,4.41
"Nimbus Establish",P000391,27,2.87
"Astra Strong",P000655,27,2.99
"Astra Measure",P001292,27,2.77
"Willow West",P000367,27,3.68
"GreenLeaf Idea",P000619,27,3.32
"Pulse Money",P000311,27,4.69
"Nimbus Stay",P001907,27,3.84
"Zenith Form",P000705,27,3.32
"Solace Member",P001574,27,2.7
"Everest To",P001723,27,3.5
"Harbor Which",P001070,27,3.22
"Willow Go",P001958,27,3.76
"Astra Deal",P001478,27,2.53
"GreenLeaf Company",P000175,27,3.04
"Astra Least",P000435,27,3.81
"GreenLeaf Happen",P001063,27,3.06
"Zenith Whole",P000678,27,3.14
"Orion Page",P001079,27,3.14
"Zenith Argue",P001311,27,3.49
"Orion Theory",P001367,27,3.44
"Nimbus Imagine",P001034,27,2.78
"GreenLeaf System",P001227,27,4.44
"Acme Lead",P000105,27,3.91
"NeoTech Who",P000842,27,3.9
"Pulse Author",P000816,27,4.26
"Nimbus Focus",P001806,27,4.4
"NeoTech Building",P000907,27,3.57
"Everest Fire",P000422,27,4.37
"NeoTech These",P001879,27,4.81
"NeoTech Security",P000500,27,2.54
"Zenith Mr",P001688,27,4.51
"Pulse Sea",P001578,27,3.31
"Zenith Study",P000646,27,4.09
"Pulse Bad",P000781,27,4.57
"Everest Church",P001088,27,2.6
"NeoTech Style",P001126,27,4.34
"Willow Local",P001841,27,3.05
"Solace Agree",P001237,27,2.68
"Solace Lead",P001493,27,3.1
"Willow Item",P000053,27,4.55
"Nimbus Hit",P001699,27,4.57
"Acme Idea",P001096,27,3.35
"Willow Just",P001703,27,3.97
"Willow Attorney",P001118,27,3.75
"Nimbus Bad",P001275,27,2.56
"Willow Surface",P001226,27,3.88
"Nimbus Minute",P001119,26,3.62
"Nimbus Figure",P001891,26,2.73
"Harbor Beat",P001370,26,3.94
"Harbor Whom",P001540,26,3.07
"Zenith Page",P001990,26,4.13
"GreenLeaf Concern",P000691,26,4.89
"Acme Improve",P000407,26,2.92
"Willow Reach",P001173,26,4.7
"Willow At",P000751,26,3.47
"Pulse Decision",P001565,26,4.5
"NeoTech Decide",P000864,26,3.48
"Astra Speak",P000534,26,4.49
"Everest Real",P000775,26,3.82
"Willow Benefit",P001611,26,2.86
"Pulse For",P000662,26,2.88
"Pulse Understand",P000545,26,3.04
"Astra Benefit",P001430,26,3.29
"Astra Lose",P000417,26,4.27
"Zenith Certainly",P001418,26,2.92
"GreenLeaf Bill",P001424,26,4.72
"Pulse Against",P001920,26,4.05
"Acme Effort",P000876,26,2.85
"Astra On",P001525,26,3.82
"Harbor Art",P000829,26,2.69
"Astra Yes",P001018,26,3.8
"Solace Risk",P000227,26,3.47
"GreenLeaf Side",P000610,26,2.55
"Astra Son",P001097,26,3.56
"Solace Particular",P001745,26,4.83
"Solace Think",P000440,26,4.86
"NeoTech Body",P000968,26,3.03
"Orion Treat",P000256,26,4
"Nimbus Where",P000149,26,4.5
"Solace Never",P001000,26,4.2
"GreenLeaf Tell",P001752,26,3.26
"Zenith Recently",P000294,26,3.48
"Nimbus Military",P001991,26,3.57
"Acme Popular",P001349,26,2.99
"Nimbus Nice",P000889,26,4.56
"Willow Executive",P001701,26,4.66
"Zenith Sign",P001291,26,3.55
"Willow Him",P000145,26,4.77
"Zenith Life",P000340,26,2.7
"Solace People",P001825,26,4.12
"Nimbus These",P000838,26,2.85
"NeoTech Leader",P001458,26,4.44
"Acme Traditional",P000821,26,4.44
"Astra Might",P001665,26,4.3
"Solace Ten",P000094,26,3.6
"Nimbus When",P001158,26,3.69
"NeoTech Agent",P000982,26,4.31
"Harbor Financial",P000350,26,4.69
"NeoTech Well",P000255,26,4.18
"NeoTech Someone",P000002,26,3.87
"Astra Last",P000932,26,3.26
"NeoTech Movement",P000179,26,3.28
"Acme Off",P000965,26,3.93
"GreenLeaf Opportunity",P000446,26,3.24
"Zenith History",P000549,26,4.72
"Harbor Since",P000141,26,3.41
"Willow Cell",P000827,26,4.29
"Everest Late",P001860,26,3.46
"Everest Show",P000765,26,3.35
"Solace Institution",P001590,26,2.81
"Orion Upon",P000180,26,3.42
"Orion Even",P000694,26,2.75
"Zenith Economy",P000051,26,3.23
"Solace Top",P001460,26,4.81
"NeoTech Customer",P001052,26,3.9
"Solace Across",P000941,26,3.23
"NeoTech Hair",P001330,26,4.42
"Harbor Ability",P001177,26,2.53
"Willow If",P000356,26,2.69
"NeoTech Possible",P000044,26,2.7
"Zenith Happy",P001462,26,3.58
"Acme If",P001050,26,3.16
"GreenLeaf Present",P001517,26,4.04
"Astra Write",P001474,26,4.39
"Orion Film",P001358,26,2.84
"Solace Evening",P001381,26,4.51
"Orion Number",P001143,26,3.7
"Astra Success",P001970,26,4.48
"Harbor Growth",P001890,26,4
"Solace Surface",P001923,26,3.16
"Pulse Eight",P000063,26,3.33
"GreenLeaf East",P001477,26,3.3
"Nimbus Condition",P000780,26,2.56
"GreenLeaf Painting",P000332,26,4.55
"Zenith While",P000199,26,4.19
"Nimbus Place",P001475,26,3.93
"Willow Know",P001579,26,3.25
"NeoTech Anything",P000434,26,3.36
"Willow Add",P001260,26,4.77
"Harbor Much",P000764,26,2.9
"Willow Rich",P001220,26,4.79
"Astra Moment",P001298,26,4.87
"Acme Part",P000856,26,4.22
"Astra Discuss",P000401,26,4.53
"Acme Modern",P001364,26,4.22
"GreenLeaf Course",P001086,26,3.81
"Orion Who",P001763,26,3.36
"Zenith Forget",P000724,26,4.51
"Zenith Heart",P001737,26,4.75
"Solace Level",P000488,26,4.59
"Nimbus Start",P001269,26,3.08
"Acme Like",P000734,26,4.58
"Solace Media",P001669,26,3.12
"NeoTech Protect",P000590,26,2.68
"Harbor Visit",P000324,25,3.2
"Willow Report",P001599,25,4.71
"Acme Fill",P001184,25,4.24
"Orion Painting",P001687,25,4.23
"Willow Show",P001874,25,3.56
"Nimbus Serve",P000851,25,2.91
"Orion Side",P000310,25,3.06
"Astra Tend",P000967,25,3.3
"Pulse Skin",P001219,25,3.17
"Zenith Appear",P001014,25,3.04
"GreenLeaf Lead",P001564,25,3.29
"Solace Close",P000961,25,4.55
"NeoTech Guess",P001900,25,2.8
"Zenith By",P000963,25,2.96
"Astra Another",P000707,25,3.19
"Willow Only",P001725,25,2.63
"Zenith Item",P000337,25,4.87
"Everest Response",P001896,25,3.7
"Acme Design",P001642,25,3.76
"NeoTech Onto",P000130,25,2.78
"Acme Memory",P000942,25,4.58
"Harbor Hospital",P001026,25,3.89
"Nimbus Wish",P001738,25,3.4
"Harbor Onto",P001448,25,2.9
"Zenith Investment",P001730,25,2.78
"Pulse Bad",P000746,25,2.83
"Harbor Not",P001817,25,2.91
"Zenith Turn",P001187,25,3.89
"Astra Finally",P000848,25,2.66
"Willow Perform",P001951,25,3.5
"NeoTech Production",P000726,25,3.27
"Pulse Off",P000647,25,3.84
"Orion Vote",P001104,25,4.4
"Nimbus Development",P000578,25,2.59
"Everest Read",P000742,25,4.88
"Orion Increase",P001176,25,3.45
"Pulse Start",P001114,25,3.53
"Orion Mouth",P001975,25,4.22
"Willow Turn",P001308,25,4.47
"Pulse Worker",P001594,25,4.16
"Orion Catch",P001547,25,3.91
"Solace Possible",P001750,25,2.87
"Harbor Will",P001544,25,2.62
"Solace All",P001231,25,2.74
"NeoTech Practice",P000626,25,4.26
"Solace Leave",P001977,25,3.3
"Acme Four",P001189,25,2.74
"NeoTech Pick",P000427,25,4.09
"Everest Become",P001904,25,4.14
"Willow Behind",P000393,25,2.51
"NeoTech Conference",P000489,25,2.51
"Solace Carry",P001946,25,3.43
"Everest Voice",P000801,25,3.86
"Solace Education",P001169,25,3.95
"Willow Charge",P000389,25,4.77
"Zenith Result",P001790,25,3.26
"Acme Must",P001861,25,3.54
"Orion Pm",P000438,25,2.98
"Willow Community",P001278,25,4.65
"NeoTech Help",P000049,25,4.6
"Harbor Develop",P000432,25,3.07
"Astra Worker",P000893,25,2.67
"Nimbus Wrong",P000045,25,4.81
"Willow Nation",P001964,25,3.15
"Astra Particularly",P001992,25,3.37
"GreenLeaf Billion",P001351,25,3.4
"GreenLeaf Wrong",P001679,25,3.21
"Willow Special",P000021,25,2.9
"Willow Seem",P000273,25,2.55
"Zenith Factor",P000890,25,3.05
"Willow Wind",P001501,25,3.84
"Orion Thought",P000878,25,4.56
"Zenith Hot",P000985,25,4.03
"GreenLeaf Size",P001279,25,3.28
"Orion Network",P000934,25,2.6
"NeoTech Everybody",P000131,25,4.29
"Solace Share",P000999,25,3.96
"Everest Line",P001761,25,2.69
"Nimbus Military",P001149,25,3.54
"Acme Trip",P000692,25,2.79
"Astra Find",P000883,25,2.95
"Orion Now",P000544,25,4
"Acme Others",P000343,25,4.82
"Orion Idea",P000241,25,4.55
"Astra Receive",P000592,25,4.2
"NeoTech Second",P000309,25,4.09
"Orion Whatever",P001608,25,3.06
"Solace Give",P000928,25,3.43
"Everest Simple",P000254,25,2.7
"Pulse Direction",P001191,25,4.56
"Astra Sometimes",P001941,25,4.16
"Solace Job",P000871,25,3.16
"Zenith Commercial",P000239,25,2.91
"GreenLeaf Cut",P000944,25,4.3
"NeoTech Process",P000236,25,2.78
"Harbor Vote",P001762,25,3.08
"Zenith Center",P001356,25,2.52
"Everest She",P000588,25,3.18
"Astra Success",P000266,25,3.54
"Nimbus Word",P000602,25,4.75
"Astra Nation",P000717,25,4.54
"NeoTech Difficult",P000526,25,2.89
"Harbor Issue",P001519,25,4.32
"Astra Plant",P001617,25,4.29
"Nimbus List",P001345,25,4.22
"Harbor Movie",P001116,25,3.31
"Everest Economic",P000714,25,3.91
"Willow Position",P001390,25,3.79
"GreenLeaf Design",P001243,25,2.72
"Solace Situation",P000706,25,2.75
"Willow Mouth",P000385,25,3.96
"Willow Perform",P000761,25,2.57
"GreenLeaf The",P000736,25,4.29
"Harbor Point",P001829,25,3.88
"Orion Adult",P000817,25,2.8
"Astra Fly",P000061,25,3.66
"Orion High",P000215,25,3.08
"Zenith Baby",P000499,25,3.31
"Harbor Ever",P000301,25,4.7
"Astra Key",P001338,25,4.06
"Solace Door",P001980,25,3.96
"Acme Majority",P001005,24,3.14
"NeoTech Writer",P001471,24,3.39
"Willow Choose",P001098,24,4.46
"Willow Note",P000303,24,4.2
"NeoTech Girl",P000704,24,4.66
"Astra Book",P001756,24,2.92
"Orion After",P001853,24,3.22
"Zenith Commercial",P000594,24,4.35
"Everest Drug",P000991,24,4.39
"Harbor Would",P001203,24,3.91
"Orion News",P000412,24,4
"Astra Federal",P000648,24,2.79
"Acme Practice",P001855,24,3.16
"Nimbus Cost",P001069,24,4.19
"GreenLeaf Newspaper",P000225,24,3.96
"Zenith Structure",P001060,24,4.85
"Orion Laugh",P000036,24,3.64
"Harbor Follow",P000238,24,3.88
"GreenLeaf Plan",P000854,24,2.59
"Orion Begin",P000330,24,4.32
"Everest Look",P000075,24,4.46
"Solace And",P001290,24,4.07
"Everest Rock",P000542,24,3.77
"Acme Discuss",P000003,24,3.46
"Acme Surface",P001716,24,4.73
"Astra Agree",P000189,24,3.15
"Nimbus Family",P000461,24,3.99
"Zenith Media",P001145,24,3.05
"Zenith Direction",P000188,24,2.69
"Acme Arrive",P000744,24,4.02
"Orion Itself",P000032,24,3.75
"Nimbus Consider",P000194,24,4.83
"Solace Everyone",P000123,24,3.38
"Harbor Describe",P001075,24,2.57
"Pulse Down",P000495,24,4.53
"Zenith Garden",P001441,24,4.5
"GreenLeaf Happen",P001248,24,2.86
"Zenith Partner",P001812,24,4.37
"Willow Study",P000195,24,3.64
"Acme Far",P001406,24,2.74
"Acme Information",P000754,24,3.88
"Astra Cup",P001483,24,4.68
"GreenLeaf Reach",P001736,24,2.7
"Astra Expect",P001786,24,4.88
"Solace Color",P001228,24,3.8
"NeoTech Direction",P000891,24,3.38
"GreenLeaf Road",P000012,24,3.61
"Orion Save",P000990,24,4.48
"Orion Near",P001196,24,4.24
"NeoTech Food",P001218,24,2.9
"Orion Management",P001779,24,4.39
"Acme Soldier",P001495,24,4.3
"GreenLeaf According",P000525,24,4.3
"Solace Other",P001939,24,4.83
"Solace Group",P001031,24,4.23
"Everest Example",P000596,24,3.2
"Zenith Rise",P000640,24,3.03
"GreenLeaf News",P000795,24,4.53
"Solace Miss",P001304,24,4.32
"Astra Free",P000617,24,2.5
"GreenLeaf Sea",P001389,24,4.23
"Everest Indicate",P001835,24,4.07
"Willow Even",P001132,24,3.09
"Orion Head",P000909,24,3.86
"Orion Garden",P001571,24,3.89
"GreenLeaf Everybody",P000867,24,3.85
"NeoTech Third",P001729,24,3.4
"GreenLeaf Name",P001768,24,3.78
"Acme Two",P001154,24,3.96
"Acme Support",P001881,24,4.7
"Zenith Natural",P001719,24,3.93
"Everest Region",P000547,24,3.78
"Harbor Tax",P001637,24,3.78
"GreenLeaf Need",P000439,24,4.45
"GreenLeaf Carry",P000809,24,3.92
"Zenith Glass",P000863,24,4.12
"Pulse Third",P000346,24,4.24
"Orion Night",P001082,24,3.12
"Pulse Near",P000192,24,4.88
"GreenLeaf Green",P000408,24,3.72
"Pulse Major",P001211,24,2.64
"Orion Push",P001776,24,4.6
"Orion International",P001953,24,4.13
"Orion Miss",P001877,24,3.93
"Orion Western",P001264,24,2.84
"Pulse Serious",P000341,24,3.26
"Harbor Go",P000009,24,4.44
"GreenLeaf Able",P000551,24,4.03
"GreenLeaf Somebody",P001856,24,4.46
"Pulse A",P001105,24,3.48
"Harbor Forget",P001276,24,3.35
"Zenith Way",P001065,24,4.44
"Everest In",P001802,24,2.57
"Zenith Almost",P000414,24,3.95
"Willow Walk",P000810,24,3.86
"GreenLeaf Look",P001919,24,4.01
"Everest Nearly",P000193,24,4.21
"Acme Live",P000019,24,3.04
"Orion Surface",P000112,24,2.69
"Acme Rich",P001427,24,3.04
"NeoTech Develop",P000836,24,2.53
"Willow At",P001403,24,2.9
"Pulse Pass",P000623,24,3.06
"NeoTech Must",P001894,24,2.56
"Harbor Decade",P001108,24,4.14
"Zenith Too",P000710,24,3.26
"Harbor Nature",P000869,24,3.17
"Acme Personal",P000669,24,4.88
"Orion Coach",P000653,24,3.41
"Zenith Might",P001029,24,4.43
"Everest High",P000565,24,3.52
"NeoTech Beat",P000147,24,4.29
"Willow Woman",P000129,24,4.55
"Astra College",P001083,24,3.68
"Orion And",P000086,24,4.63
"NeoTech Close",P000530,24,4.17
"Nimbus Check",P000733,24,4.25
"Everest Manage",P001235,24,4.28
"Solace Policy",P001025,24,4.79
"Willow Such",P000137,24,2.59
"Acme Performance",P000211,24,4.68
"Zenith Example",P000603,24,2.79
"Astra Sea",P001987,24,3.23
"Everest Since",P000606,24,4.74
"Willow Into",P001539,24,2.58
"Astra Brother",P000197,24,4.47
"Everest Movie",P001739,24,3.72
"Solace Or",P001915,24,2.99
"NeoTech Act",P001328,24,2.57
"GreenLeaf Voice",P001921,24,3.34
"GreenLeaf Authority",P000749,24,4.83
"Everest Whole",P001758,23,2.69
"Pulse Decide",P000859,23,3.51
"Solace Different",P000454,23,3.58
"Acme Figure",P001030,23,4.76
"GreenLeaf Hair",P000054,23,4.04
"Orion Sign",P000913,23,4.09
"Harbor Spring",P000083,23,4.2
"Pulse Run",P000654,23,3.74
"Acme Military",P000921,23,4.8
"GreenLeaf Remember",P000938,23,2.52
"Acme Together",P000047,23,3.71
"Everest Cultural",P000853,23,4.25
"Nimbus Memory",P000339,23,2.71
"Solace Environmental",P000786,23,4.41
"NeoTech Information",P001913,23,4.12
"Willow Radio",P001209,23,3.27
"Everest International",P001899,23,3.47
"Orion Off",P001821,23,4.32
"Acme Key",P001486,23,3.04
"Zenith Building",P000456,23,2.83
"Orion Size",P001976,23,3.37
"Willow Bit",P001823,23,2.59
"GreenLeaf Stage",P001606,23,4.45
"Zenith Red",P001253,23,4.3
"Everest Great",P001467,23,4.31
"Orion Pm",P000206,23,4.47
"Nimbus Head",P001546,23,3.9
"Solace Minute",P001778,23,2.91
"Acme Appear",P000520,23,2.57
"Solace Star",P000905,23,4.6
"Orion Involve",P000091,23,3.44
"Pulse Indeed",P001111,23,3.6
"Nimbus Last",P001142,23,4.33
"GreenLeaf Image",P000865,23,4.82
"Everest Table",P000924,23,4.79
"Harbor Several",P000948,23,2.75
"Acme Happy",P000906,23,4.74
"Orion Ahead",P000010,23,3.47
"GreenLeaf Study",P001457,23,3.33
"Solace Resource",P000756,23,2.74
"NeoTech Clearly",P001268,23,3.73
"Willow Message",P001542,23,2.52
"NeoTech Particular",P001378,23,4.61
"GreenLeaf Discover",P000388,23,2.92
"GreenLeaf Produce",P000191,23,3.64
"NeoTech Several",P000485,23,2.59
"Harbor Significant",P001452,23,2.92
"Pulse Conference",P001927,23,2.78
"Orion Tonight",P000313,23,3.74
"NeoTech Center",P000140,23,3.78
"GreenLeaf Own",P000430,23,4.51
"Nimbus Lose",P001120,23,3.87
"Everest Century",P000953,23,4.47
"Orion Capital",P001840,23,3.21
"Astra Protect",P001799,23,3.11
"Everest Budget",P001872,23,3.3
"Willow Continue",P000747,23,3.83
"Willow Student",P000657,23,3.47
"Harbor Size",P000925,23,4.76
"GreenLeaf Last",P001363,23,4.68
"NeoTech Build",P000722,23,4.57
"Solace Institution",P001607,23,2.94
"Orion Gas",P000125,23,4.01
"Pulse Real",P000900,23,3.35
"Astra Happen",P001465,23,4.21
"Astra Style",P000715,23,2.56
"Astra Remain",P001955,23,4.88
"Everest Television",P001959,23,2.99
"Pulse Month",P000321,23,3.67
"Acme Book",P001555,23,3.46
"Orion Film",P000403,23,2.55
"Solace Future",P000505,23,3.71
"Zenith Wait",P001174,23,3.43
"NeoTech Member",P001697,23,4.67
"GreenLeaf Guess",P001771,23,4.36
"NeoTech Bring",P000927,23,3.35
"Zenith Sit",P001151,23,4.52
"Acme Pattern",P000117,23,4.75
"Zenith White",P000120,23,2.8
"Nimbus Goal",P000291,23,4.89
"Everest Team",P000220,23,3.14
"Zenith Small",P000508,23,3.97
"Astra Idea",P000959,23,3.46
"Nimbus Drug",P001305,23,2.69
"Astra Remain",P000419,23,3.73
"Zenith Stay",P001710,23,4.86
"Everest Figure",P000034,23,3.87
"Solace Support",P001623,23,3.49
"Orion Blood",P001833,23,4
"Orion City",P000543,23,4.56
"Everest Develop",P001569,23,4.46
"Nimbus Return",P001685,23,4.15
"NeoTech Property",P001704,23,4.32
"Harbor Almost",P001444,23,2.83
"Orion Coach",P001859,23,4.55
"Everest Miss",P000730,23,2.92
"Willow Her",P001664,23,3.09
"Everest As",P000088,23,4.29
"Nimbus Somebody",P000882,23,4.55
"Willow Military",P000593,23,4.79
"Zenith Wrong",P001285,23,3.18
"Zenith Memory",P001171,23,3.46
"Orion Former",P001473,23,3.14
"NeoTech Although",P001932,23,2.53
"GreenLeaf Whatever",P001019,23,3.61
"GreenLeaf Even",P001249,23,3.41
"Astra A",P000969,23,2.74
"Zenith Catch",P001885,23,2.76
"Harbor Act",P001481,23,4.23
"Harbor Pick",P001296,23,3.58
"Nimbus Possible",P001910,23,3.13
"GreenLeaf Later",P000418,23,3.87
"Zenith Follow",P000217,23,3.68
"Willow Society",P000546,23,2.57
"Pulse Claim",P000627,23,3.09
"Orion Coach",P001880,23,2.93
"Solace Ready",P000697,23,3.95
"Acme Paper",P001062,23,2.67
"Astra One",P000056,23,2.89
"NeoTech Interesting",P000690,23,3.32
"Nimbus At",P001122,23,2.56
"GreenLeaf Race",P001905,23,3.34
"Harbor Difference",P000156,23,4.34
"Acme Those",P001651,23,3.57
"Orion Identify",P001306,23,3.82
"Astra Protect",P000171,23,3.24
"Everest Particularly",P000687,23,3.24
"Zenith Security",P001782,23,4
"Nimbus Us",P001200,23,3.88
"Pulse Both",P001846,23,3.45
"Willow Old",P001999,23,2.75
"Orion Manage",P001893,23,3.65
"Zenith Lot",P001046,23,3.31
"Everest Image",P000283,23,4.42
"Nimbus You",P000581,23,3.12
"Astra Federal",P000420,23,4.38
"Acme Factor",P000716,23,4.48
"Solace Let",P001087,23,2.58
"Astra Compare",P001681,23,2.81
"Zenith Reduce",P001515,23,3.99
"Willow Eat",P000868,23,3.37
"GreenLeaf Different",P001666,23,4.33
"Willow Entire",P001566,23,3.59
"Solace High",P001271,23,3.22
"Harbor Close",P001918,23,3.93
"NeoTech Fill",P000366,23,3.23
"Nimbus Analysis",P000599,23,4.41
"Solace Discuss",P001178,23,2.98
"Nimbus Court",P001274,23,4.17
"Willow Result",P001527,23,3.87
"Acme Wide",P000987,23,3.89
"Astra Thing",P001914,23,3.37
"NeoTech Not",P000186,23,3.7
"Willow Very",P000866,23,3.08
"Astra Democrat",P000527,23,2.99
"Nimbus Bar",P001559,23,3.87
"NeoTech Throughout",P001803,23,2.71
"Everest College",P001299,23,4.85
"Solace Discover",P000798,23,2.8
"Solace News",P001422,23,3.23
"Acme Half",P001863,23,3.35
"Willow Data",P001321,23,3.32
"Zenith Large",P001077,23,2.88
"Harbor Foot",P001241,23,3
"Willow Hear",P001995,23,3.27
"Pulse From",P000472,23,4.52
"NeoTech Clear",P001286,23,4.55
"Nimbus Radio",P000658,23,2.73
"Harbor Source",P000996,23,4.64
"Astra Purpose",P000988,23,4.3
"Nimbus Everything",P000637,22,3.47
"Pulse Understand",P001655,22,4.09
"Zenith Management",P001712,22,3.55
"Solace Car",P000614,22,3.3
"Nimbus Bag",P000952,22,4.55
"Nimbus Garden",P001671,22,4.12
"Pulse Paper",P000903,22,3.18
"NeoTech Son",P001134,22,4.35
"Nimbus Foot",P001868,22,4.4
"Harbor Other",P000713,22,4.4
"Astra Understand",P000382,22,3.04
"Nimbus Night",P000100,22,4.01
"NeoTech Turn",P001996,22,4.28
"Harbor Discover",P001512,22,4.22
"GreenLeaf Significant",P000474,22,3.01
"NeoTech Cost",P000335,22,3.81
"Pulse Scene",P001443,22,4.42
"Acme Provide",P000635,22,3.14
"Orion Debate",P000467,22,2.94
"Astra Else",P000224,22,2.52
"Orion Response",P001314,22,3.94
"Zenith Nation",P000609,22,4.81
"NeoTech Make",P001683,22,4.54
"Zenith Society",P001491,22,4.47
"Acme Road",P001827,22,2.91
"Orion Take",P000450,22,3.76
"Orion Interest",P000568,22,3.95
"Solace Around",P000728,22,2.92
"Nimbus Subject",P000392,22,3.15
"Willow May",P000127,22,3.44
"Zenith Team",P001193,22,4.08
"Everest Coach",P001928,22,3.02
"Acme Vote",P000348,22,4.39
"Astra Kitchen",P001954,22,2.63
"Willow Room",P000062,22,2.85
"Harbor Case",P001028,22,4.5
"Willow Forget",P001787,22,4.45
"Orion Thought",P000870,22,3.32
"NeoTech Knowledge",P001222,22,2.57
"Zenith Town",P001397,22,2.94
"Everest Side",P000675,22,4.47
"Harbor Be",P001212,22,2.51
"Zenith Control",P001726,22,4.41
"Nimbus South",P001635,22,2.84
"Everest Really",P001217,22,3.88
"NeoTech Nature",P001386,22,2.89
"Pulse Drop",P001152,22,3.69
"Nimbus More",P001943,22,3.29
"Harbor Much",P001459,22,2.59
"Acme Whom",P000800,22,4.44
"Orion Attack",P001678,22,4.03
"Zenith Something",P001754,22,2.68
"GreenLeaf End",P001742,22,3.93
"GreenLeaf Mean",P000850,22,4.88
"Everest Network",P000763,22,2.93
"Harbor Wind",P000768,22,2.66
"Astra Water",P001117,22,2.58
"Harbor Visit",P001341,22,3.2
"Acme So",P001109,22,2.98
"Everest Child",P001811,22,2.53
"Pulse Join",P001624,22,4.64
"Astra Maintain",P000184,22,4.49
"Zenith What",P000057,22,3.32
"GreenLeaf Likely",P001340,22,4.54
"Zenith Enter",P001064,22,3.9
"Acme Whether",P000790,22,3.06
"Solace Section",P001336,22,2.76
"Acme Sense",P001361,22,4.48
"GreenLeaf Couple",P000879,22,2.8
"Pulse Born",P000386,22,3.61
"Nimbus Many",P001240,22,4.33
"Orion Give",P001963,22,3.84
"Pulse Establish",P001972,22,2.93
"GreenLeaf Glass",P001731,22,4.48
"Nimbus Sound",P001476,22,3.87
"NeoTech Later",P000896,22,3
"Orion Total",P001490,22,3.02
"Willow Back",P000901,22,3.36
"Harbor Draw",P001522,22,4.64
"Harbor Goal",P001649,22,4.07
"Pulse Miss",P000727,22,3.13
"Harbor None",P000782,22,3.56
"Solace Change",P000402,22,4.06
"Harbor Picture",P001605,22,3.12
"Acme Bank",P000796,22,2.66
"Zenith Film",P000257,22,3.22
"Solace Will",P001911,22,3.95
"Zenith Rich",P001587,22,4.34
"Astra Pressure",P000143,22,2.52
"Nimbus Threat",P000516,22,4.64
"Willow Pressure",P001461,22,3.54
"GreenLeaf Common",P000015,22,3.5
"Zenith Price",P001162,22,4.81
"Astra Capital",P000005,22,3.97
"Everest Number",P001903,22,3.85
"Acme Room",P000315,22,4.3
"Acme Mention",P001004,22,3.13
"Pulse Sell",P000766,22,4.44
"Acme Such",P001902,22,3.45
"Acme Air",P000212,22,3.44
"Zenith Control",P000569,22,4.05
"GreenLeaf Hear",P001805,22,2.55
"Zenith Partner",P000299,22,3.06
"Astra Future",P001945,22,3.31
"Orion Risk",P000521,22,2.87
"Solace Foreign",P001824,22,3.48
"Solace Scene",P001591,22,4.5
"Zenith Need",P000349,22,3.07
"Everest It",P000703,22,3.97
"Zenith Within",P000209,22,3.2
"Willow Group",P001659,22,2.82
"Zenith Again",P001110,22,4.4
"Nimbus Investment",P001100,22,3.8
"Pulse Voice",P001780,22,2.65
"Harbor Himself",P001938,22,4.66
"Everest Represent",P000698,22,2.72
"Willow Wall",P001789,22,4.48
"Nimbus Difficult",P001662,22,3.83
"Harbor Strong",P000659,22,3.5
"Willow Position",P000318,22,4.25
"GreenLeaf Give",P001394,22,2.58
"Pulse Idea",P000548,22,2.83
"Everest Some",P000964,22,2.89
"GreenLeaf Visit",P000608,22,4.89
"NeoTech Position",P000289,22,4.84
"Harbor Reach",P001967,22,2.83
"Willow Event",P000351,22,3.52
"GreenLeaf Job",P000693,22,2.84
"Solace Through",P000718,22,3.56
"GreenLeaf Know",P001144,22,3.72
"GreenLeaf West",P000072,22,3.02
"NeoTech Week",P001603,22,4.4
"Nimbus Financial",P000807,22,3.41
"Willow Film",P001770,22,4.17
"Everest Air",P000306,22,2.86
"Nimbus Hold",P001609,22,2.55
"Everest Mrs",P001865,22,3.49
"Zenith Performance",P000837,22,4
"Nimbus Table",P001956,22,2.52
"Harbor One",P001700,22,2.52
"Orion Ahead",P001674,22,4.49
"Willow Because",P000246,22,3.89
"Everest Few",P001425,22,2.9
"Astra Later",P000945,22,4.2
"NeoTech Second",P000844,22,3.42
"Astra Reveal",P000399,22,4.29
"Willow Leader",P000815,22,4.76
"Zenith Air",P000576,22,4.48
"Orion Machine",P000981,22,3.74
"Everest Run",P001858,22,4.3
"Solace Hundred",P001148,22,4.4
"Everest Child",P001163,22,3.81
"Solace Practice",P001998,22,4.73
"Acme Year",P000847,22,3.57
"GreenLeaf Learn",P000504,22,3.27
"Solace Part",P001194,22,3.43
"Willow Cultural",P000101,22,2.69
"Harbor Avoid",P001085,22,3.4
"Nimbus Attorney",P001426,22,2.99
"Everest Scientist",P000305,22,3.75
"Harbor Last",P001224,22,3.62
"Solace Particular",P000372,22,4.07
"Zenith Church",P000286,22,2.85
"Pulse Thing",P001686,21,3.74
"GreenLeaf Feel",P001916,21,4.31
"Acme Attack",P000787,21,2.69
"Harbor Reduce",P000253,21,3.4
"NeoTech Interesting",P001503,21,2.94
"Harbor Action",P000695,21,4.79
"Solace Small",P001577,21,4.37
"Astra Speak",P001535,21,4.68
"Astra Hear",P000262,21,3.66
"Nimbus Before",P001968,21,3.67
"Pulse Letter",P000354,21,4.43
"Solace Song",P000814,21,4.11
"Solace Official",P000345,21,2.74
"Harbor Where",P001355,21,4.76
"Acme Mind",P000826,21,4.38
"Acme Miss",P001020,21,2.58
"Astra Tend",P001352,21,3.92
"Zenith Necessary",P001628,21,2.58
"Nimbus Line",P001407,21,2.87
"Acme May",P001447,21,4.23
"Willow Early",P001199,21,2.6
"Acme Marriage",P001793,21,3.47
"Nimbus Raise",P001058,21,4.53
"Harbor Miss",P000222,21,3.26
"Nimbus Congress",P000466,21,2.61
"NeoTech Husband",P000249,21,2.84
"Zenith Dog",P000605,21,4.32
"Everest Even",P001648,21,2.53
"NeoTech Team",P001135,21,3.57
"Everest Organization",P001819,21,2.73
"Solace Time",P000812,21,2.8
"Astra Woman",P001696,21,3.15
"Zenith Although",P000898,21,4.42
"Astra Leader",P000750,21,4.56
"Solace His",P000580,21,4.43
"Orion Among",P001175,21,3.78
"NeoTech My",P001433,21,2.76
"Nimbus Enough",P001213,21,4.8
"Nimbus Black",P001333,21,3.56
"Orion Group",P000910,21,3.44
"Acme Recently",P001170,21,4.58
"NeoTech Write",P001961,21,3.18
"Harbor Forward",P001287,21,3.7
"Pulse Act",P000752,21,2.64
"Willow Dark",P001502,21,3.29
"Orion And",P000557,21,2.73
"Pulse Study",P000776,21,3.81
"Solace Professional",P001690,21,4.19
"Nimbus Affect",P000755,21,3.69
"Acme Financial",P000326,21,4
"NeoTech Collection",P001530,21,2.51
"GreenLeaf Character",P001562,21,3.87
"Zenith Anyone",P001202,21,4.09
"Everest Drive",P000949,21,4.12
"Astra Owner",P001375,21,2.52
"Pulse Sea",P000886,21,4.79
"Astra Grow",P000404,21,4.61
"Nimbus Successful",P000612,21,4.59
"Nimbus Computer",P000098,21,3.94
"Willow Including",P000899,21,3.57
"Harbor Resource",P001727,21,3.52
"NeoTech Town",P001468,21,2.7
"Astra Community",P000065,21,4.26
"Willow Around",P001056,21,4.42
"Solace Tv",P001541,21,3.93
"Zenith Board",P001518,21,2.94
"GreenLeaf Front",P001948,21,4.74
"Harbor Agree",P001658,21,3.92
"Acme Black",P000661,21,4.03
"Zenith Choice",P001307,21,4.12
"Orion Smile",P000813,21,2.69
"Acme Cause",P000182,21,2.83
"Orion Make",P001931,21,3.91
"Harbor Coach",P001604,21,2.59
"Astra Well",P000230,21,2.63
"Nimbus Whose",P000885,21,4.33
"GreenLeaf Reflect",P000333,21,2.97
"Willow Recent",P000846,21,3.51
"GreenLeaf Pull",P000591,21,4.65
"Solace School",P001155,21,4.06
"Astra Animal",P001974,21,4
"Everest Interesting",P000109,21,4.31
"Astra Mean",P001421,21,4.41
"Willow Service",P001456,21,2.92
"NeoTech Method",P000421,21,3.83
"Zenith Their",P001049,21,3.71
"Willow Discuss",P000943,21,4.18
"Zenith Color",P000376,21,2.6
"Orion Such",P000134,21,4.06
"Orion Method",P001469,21,2.85
"Pulse Chair",P001520,21,4.43
"Acme Store",P000387,21,3.9
"Orion Thus",P000400,21,2.58
"Acme Boy",P000394,21,3.4
"NeoTech Weight",P000161,21,3.42
"Acme Special",P000082,21,4.56
"Pulse Boy",P000457,21,4.35
"Acme Cause",P000998,21,4.31
"Astra Marriage",P001705,21,4.16
"Willow Production",P000931,21,3.34
"Solace Six",P000223,21,3.95
"GreenLeaf Medical",P000148,21,2.9
"Harbor Else",P001589,21,3.7
"GreenLeaf Into",P001233,21,3.96
"Zenith Husband",P001246,21,4.64
"Zenith Baby",P000894,21,3.86
"NeoTech Outside",P001670,21,2.78
"Solace Tough",P000585,21,4.44
"Solace Throw",P001310,21,3.53
"Acme View",P000783,21,3.39
"Orion Structure",P000673,21,2.63
"Orion Democrat",P000567,21,2.9
"Pulse Consider",P000957,21,3.49
"Orion Television",P000327,21,3.38
"Solace Travel",P000276,21,4.64
"Orion Speech",P000323,21,4.6
"Everest Stock",P001167,21,3.44
"Everest National",P000554,21,3.37
"GreenLeaf Into",P001895,21,4
"Solace Hundred",P001437,21,2.95
"Astra Road",P000028,21,2.56
"Zenith War",P001207,21,3.88
"Astra Computer",P000574,21,2.74
"NeoTech Camera",P001615,21,3.79
"Nimbus Next",P000459,21,3.01
"Zenith Hope",P000243,21,3.22
"Everest Dog",P001395,21,4.17
"Solace With",P000190,21,3.25
"Nimbus Surface",P000410,21,3.1
"Zenith Strong",P000831,21,3.21
"Harbor College",P001621,21,4.76
"Astra Key",P001484,21,3.43
"Willow We",P001385,21,4.02
"Nimbus City",P000735,21,3.45
"Pulse Site",P000571,21,3.58
"Acme Pm",P001007,21,3.84
"Acme Show",P001643,21,3.63
"Harbor Significant",P001600,21,3.62
"Harbor Return",P001504,21,3.12
"GreenLeaf Day",P001698,21,4.17
"Willow Fall",P000108,21,4.19
"Zenith Leader",P000528,21,4.14
"Orion Approach",P000037,21,3.06
"Zenith Rate",P000553,21,3.9
"Zenith Together",P000302,21,4.42
"Pulse Lose",P001485,21,4.58
"Acme Here",P001711,21,2.77
"Harbor Two",P000103,21,2.7
"Acme Answer",P001295,21,4.68
"Acme Cold",P000160,21,2.73
"GreenLeaf Century",P000700,21,2.87
"GreenLeaf Ask",P000157,21,4.02
"Willow Stuff",P001161,21,3.63
"Orion Last",P000204,21,2.77
"Acme Consumer",P000597,21,4.72
"NeoTech Toward",P001277,21,2.81
"GreenLeaf Simply",P000163,21,3.84
"Pulse Behavior",P001528,21,3.09
"Everest System",P001317,21,2.74
"Nimbus Key",P001552,21,3.66
"Zenith About",P000025,21,4.02
"GreenLeaf Indicate",P001632,21,3.1
"Zenith Run",P000174,21,3.09
"Pulse The",P000031,21,3.37
"GreenLeaf Green",P001797,21,3.37
"Pulse Something",P000334,21,4.19
"NeoTech Market",P001053,21,2.79
"GreenLeaf If",P001926,21,4.38
"Willow Approach",P000071,21,3.76
"Pulse Care",P000153,21,2.6
"Astra Shake",P000447,21,4.31
"Harbor Return",P001146,21,4.69
"Solace Per",P000979,21,3.53
"GreenLeaf Age",P001223,21,4.18
"Astra Model",P000240,21,2.91
"Orion Down",P000785,21,2.82
"Nimbus Wide",P001901,21,3.94
"Zenith Protect",P001747,21,4.57
"Harbor Production",P001350,21,3.55
"Willow Experience",P001229,21,4.21
"Zenith Within",P000478,21,2.66
"Acme Significant",P000043,21,3.66
"Acme Them",P000688,21,2.63
"NeoTech Change",P000923,21,4.04
"GreenLeaf History",P000595,21,4.29
"GreenLeaf Improve",P001857,20,3.23
"Astra Without",P001301,20,2.87
"NeoTech Mind",P001724,20,3.62
"Solace Administration",P001636,20,3.1
"Acme Radio",P000916,20,3.17
"Solace Actually",P001694,20,4.83
"Zenith He",P000926,20,4.28
"Pulse Baby",P001732,20,2.63
"Everest According",P000314,20,4.76
"Orion However",P000079,20,3.22
"Harbor Recent",P000041,20,2.87
"Everest Short",P000607,20,4.06
"Acme Think",P001947,20,3.11
"Harbor Whole",P002000,20,4.17
"Everest Reach",P001509,20,3.6
"Orion Skill",P001318,20,4.66
"Everest Difference",P000373,20,4.65
"Astra Hundred",P000357,20,3.6
"GreenLeaf About",P001032,20,4.81
"Willow Somebody",P001986,20,3.49
"Willow Use",P000537,20,3.1
"Nimbus Learn",P000929,20,3.92
"Orion Clearly",P000679,20,2.52
"Pulse Seem",P001015,20,2.7
"Zenith Firm",P001513,20,3.66
"Astra Anyone",P000014,20,3.67
"NeoTech Society",P000135,20,3.85
"Astra Make",P000085,20,3.21
"Zenith Citizen",P000359,20,4.83
"Astra Process",P001898,20,3.76
"Pulse Determine",P000483,20,2.96
"Astra My",P000701,20,3.07
"NeoTech Major",P000048,20,4.69
"Astra Avoid",P001423,20,4.26
"Orion View",P000729,20,3.89
"Zenith Gas",P000470,20,3.43
"Acme Figure",P000296,20,2.68
"NeoTech Heart",P001273,20,3.1
"Harbor Eye",P001435,20,4.58
"Zenith Case",P001550,20,3.92
"Pulse Reveal",P001937,20,4
"Pulse Goal",P000922,20,4.5
"Pulse Manage",P000493,20,2.53
"Willow Economy",P000092,20,3.31
"Willow Exactly",P000535,20,4.14
"NeoTech Personal",P001820,20,3.49
"Everest Modern",P000946,20,2.89
"Everest Black",P000458,20,4.82
"Harbor Probably",P000840,20,4.09
"Harbor Reflect",P001798,20,3.05
"Acme Account",P000264,20,3.07
"Pulse Certainly",P001404,20,4.74
"Astra Present",P000379,20,3.2
"Nimbus Process",P000272,20,4.73
"Acme Drug",P001618,20,3.7
"Harbor Crime",P000804,20,2.7
"Astra Who",P001256,20,2.93
"Pulse Mr",P000364,20,3.61
"NeoTech Our",P001979,20,2.76
"Astra Support",P001411,20,3.58
"NeoTech Occur",P001337,20,4.18
"Nimbus From",P001630,20,3.98
"Harbor Eat",P001593,20,4.17
"Astra Study",P001188,20,3.4
"Nimbus Prevent",P001814,20,2.62
"Pulse Rise",P000977,20,4.25
"Zenith Begin",P001141,20,2.72
"Acme School",P000835,20,4.28
"Harbor Discuss",P001255,20,2.93
"NeoTech Admit",P001532,20,4.65
"Everest Opportunity",P000444,20,2.63
"Harbor By",P000666,20,3.72
"Acme Blood",P001429,20,3.04
"NeoTech Watch",P001935,20,3.83
"Harbor Risk",P000895,20,3.55
"Pulse Worry",P001969,20,3.09
"Zenith List",P000541,20,3.9
"Solace Peace",P001166,20,4.26
"Willow Front",P001929,20,4.04
"Pulse Range",P000685,20,4.81
"Solace Something",P000358,20,4.03
"Orion Particularly",P001374,20,4.35
"Harbor Authority",P000073,20,3.99
"NeoTech Identify",P000772,20,2.61
"Acme Option",P000833,20,4.32
"Zenith Great",P000081,20,4.15
"GreenLeaf Single",P000989,20,3.1
"Willow Need",P001892,20,4.71
"Harbor Today",P000823,20,4.21
"Orion Whatever",P000355,20,4.02
"Pulse The",P000205,20,3.51
"Zenith Live",P001933,20,3.77
"Pulse Kitchen",P000150,20,2.59
"Nimbus Those",P000517,20,4.31
"Astra Take",P001774,20,4.02
"Nimbus Yard",P000020,20,2.75
"GreenLeaf Old",P001103,20,4.09
"Harbor Meeting",P000914,20,4.21
"Acme Institution",P001159,20,2.67
"Orion Position",P001147,20,4.82
"Pulse Together",P001553,20,2.85
"Acme Stock",P000116,20,2.95
"Willow Interesting",P001010,20,2.83
"Zenith Religious",P000320,20,2.64
"GreenLeaf Realize",P001210,20,3.34
"Zenith Lead",P000757,20,4.15
"Orion Occur",P001121,20,3.42
"Willow Age",P000643,20,4.41
"Nimbus Himself",P000566,20,3.39
"Zenith Conference",P001957,20,2.72
"NeoTech Stand",P000371,20,4.9
"Pulse Race",P001531,20,2.8
"Solace How",P001259,20,4.24
"Harbor Property",P001728,20,3.89
"Zenith Ago",P001487,20,2.99
"Nimbus Morning",P001234,20,3.68
"NeoTech May",P001123,20,4.63
"Solace We",P001124,20,4.44
"Pulse Physical",P000613,20,2.83
"Pulse Few",P001384,20,4.77
"Astra Dream",P000468,20,4.14
"Harbor Able",P000139,20,4.21
"Pulse Group",P000328,20,4.05
"Acme Manage",P000601,20,3.5
"Harbor Firm",P000155,20,3.07
"Acme He",P000288,20,3.28
"Acme Discuss",P000080,20,3.42
"Solace Chance",P000381,20,2.87
"Zenith Conference",P000564,20,3.48
"NeoTech Often",P001494,20,4.11
"Zenith Road",P000849,20,3.82
"Acme Brother",P001718,20,3.94
"Pulse Direction",P001595,20,4.62
"Acme Fire",P000068,20,3.76
"Harbor Few",P001376,20,3.96
"NeoTech Laugh",P000993,20,3.3
"Willow Indeed",P000487,20,3.4
"Pulse Or",P000575,20,4.42
"Pulse Front",P001045,20,2.71
"Zenith Clear",P000269,20,3.44
"Nimbus Happy",P001627,20,4.12
"Orion Student",P000502,20,3.25
"Willow History",P000563,20,4.2
"Zenith Word",P001438,20,2.59
"Harbor Investment",P000680,20,3.97
"GreenLeaf Without",P001588,20,3.78
"Solace Everyone",P001582,20,3.76
"Harbor Another",P001101,20,3.27
"Willow Something",P000201,20,4.6
"Solace Option",P000651,20,3.53
"Zenith Hope",P000559,20,4.12
"Nimbus Task",P001357,20,3.2
"Harbor City",P000858,20,3.02
"Everest Compare",P001160,20,2.5
"Pulse Arm",P000090,20,2.87
"Everest Possible",P001917,20,3.01
"Orion Class",P001646,20,4.51
"Willow Full",P001680,20,4
"Harbor Race",P000618,20,3.1
"GreenLeaf Note",P000307,20,4.2
"NeoTech Job",P001221,20,4.51
"Willow Condition",P001689,20,3.32
"Solace Player",P000029,20,4.32
"Nimbus Test",P000076,20,3.47
"Willow Value",P000919,19,2.92
"Orion Most",P000162,19,3.99
"Nimbus Sit",P000022,19,4.54
"Astra Support",P000329,19,3.02
"Astra Pull",P001808,19,3.29
"NeoTech Provide",P000406,19,4.5
"Astra Test",P000494,19,3.65
"Orion Well",P001157,19,4.21
"Harbor Population",P001556,19,3.1
"Harbor Much",P000476,19,4.38
"Pulse Fine",P000087,19,3.38
"Astra President",P000115,19,4.24
"Willow Remain",P000748,19,2.86
"GreenLeaf Wall",P001601,19,4.61
"GreenLeaf Century",P000639,19,3.08
"Astra West",P001735,19,3.27
"Solace Who",P001748,19,3.58
"Pulse Can",P001284,19,3.81
"Willow Catch",P001816,19,2.79
"Astra Our",P000055,19,3.51
"Harbor Or",P001720,19,3.84
"GreenLeaf Eat",P000377,19,3.38
"GreenLeaf Reflect",P001551,19,2.68
"Solace Camera",P000451,19,3.86
"Harbor Hear",P000429,19,3.37
"Nimbus Job",P001254,19,3.67
"Astra Buy",P000482,19,4.11
"Harbor Enter",P000481,19,3.68
"Astra Small",P000628,19,4.58
"Pulse Soon",P001813,19,2.86
"Zenith Black",P001084,19,4.22
"Acme Foot",P001867,19,3.96
"Astra Herself",P000808,19,3.22
"Orion Moment",P001332,19,3.17
"Acme Common",P000411,19,2.88
"GreenLeaf Draw",P001616,19,4.08
"Astra About",P001734,19,3.99
"Nimbus Choice",P000375,19,3.12
"Willow Spring",P001013,19,4.4
"Orion Up",P001583,19,4.46
"Zenith International",P000317,19,3.13
"Zenith View",P001753,19,4.69
"Solace Glass",P001016,19,3.26
"Willow Cost",P001828,19,3.05
"Orion Chance",P000405,19,4.59
"Orion Push",P001138,19,4.56
"Willow Responsibility",P001128,19,2.79
"Everest Professional",P001383,19,2.69
"Acme Him",P001012,19,3.86
"Astra Move",P000723,19,4.59
"Harbor Power",P001497,19,4.16
"Everest Stop",P001691,19,3.78
"Orion Daughter",P001033,19,3.49
"Pulse Debate",P000498,19,3.35
"GreenLeaf Reveal",P001252,19,3.01
"Astra Be",P000001,19,4.08
"Pulse Manage",P000912,19,2.96
"Solace Budget",P000552,19,2.85
"Zenith World",P000279,19,4.18
"Willow Their",P001707,19,3.91
"Pulse Eight",P001061,19,3.71
"Nimbus Foreign",P001399,19,4.62
"Everest Even",P000214,19,2.53
"Pulse Attention",P000933,19,2.7
"Everest Stop",P001572,19,4.79
"Orion Final",P000460,19,4.72
"Harbor Bill",P000154,19,4.21
"Astra Begin",P000872,19,2.97
"GreenLeaf Concern",P001994,19,4.74
"Willow Let",P000312,19,3.97
"Pulse Interesting",P001366,19,4.13
"Nimbus Control",P001653,19,4.85
"Harbor Enjoy",P000480,19,4.31
"Orion Like",P000183,19,4.26
"Orion Bag",P001400,19,4.22
"Nimbus Person",P001834,19,3.56
"Willow Against",P001470,19,4.13
"Pulse Economy",P000604,19,4.4
"Everest So",P000986,19,4.7
"Willow Newspaper",P000518,19,4.77
"Everest May",P000962,19,4.23
"Nimbus Hospital",P000561,19,4.05
"Pulse Positive",P001238,19,3.79
"Nimbus Main",P000360,19,4.45
"Nimbus Cell",P000342,19,4.49
"Orion Unit",P000830,19,4.25
"Astra Goal",P000278,19,3.99
"Solace Difference",P000165,19,3.85
"Nimbus East",P001944,19,4.54
"Orion Fact",P001831,19,3.69
"Solace Cell",P001168,19,2.98
"Harbor Sort",P001625,19,4.7
"NeoTech More",P001137,19,4.82
"Nimbus Risk",P001561,19,3.41
"GreenLeaf Painting",P000538,19,4.18
"Nimbus See",P000992,19,3.98
"Willow Arm",P000126,19,4.72
"Nimbus Under",P000708,19,2.9
"Astra Attorney",P001848,19,4.7
"GreenLeaf Some",P001866,19,2.78
"NeoTech Continue",P001777,19,2.83
"Acme Character",P001988,19,3.26
"NeoTech List",P001410,19,3.66
"GreenLeaf Say",P001360,19,3.59
"Astra Pull",P001024,19,3.47
"Acme Run",P000229,19,2.52
"NeoTech While",P000471,19,4.25
"Pulse Natural",P001455,19,3.07
"Everest Friend",P000008,19,2.93
"Zenith Guess",P001862,19,4.68
"Everest Also",P001715,19,4.13
"GreenLeaf Recent",P001668,19,2.74
"Astra This",P001402,19,3.59
"GreenLeaf Deal",P001480,19,4.81
"Everest Baby",P000319,19,4.01
"Willow Store",P001365,19,3.94
"Solace School",P000226,19,2.8
"Astra Policy",P000146,19,2.53
"Harbor Month",P001377,19,4.59
"Nimbus Young",P000531,19,4.13
"Nimbus Present",P000857,19,4.88
"Pulse Outside",P001634,19,4.42
"Harbor Gas",P000880,19,4.36
"Pulse Piece",P000791,19,2.85
"Orion Writer",P001130,19,4.8
"GreenLeaf Star",P001533,19,4.02
"Everest Bar",P001560,19,4.31
"Pulse Receive",P000397,19,3.92
"Orion Above",P000769,19,3.71
"Solace Fund",P001021,19,2.98
"Harbor Statement",P001442,19,3.94
"Everest Find",P000424,19,3.62
"Harbor Others",P000013,19,4.5
"GreenLeaf More",P001067,19,3.36
"Solace Know",P001451,19,3.72
"Willow Expert",P000196,19,3.38
"NeoTech Opportunity",P001043,19,4.84
"Everest Deep",P000297,19,3.98
"Nimbus Size",P000770,19,3.77
"Solace Make",P001373,19,2.56
"Orion Trouble",P000258,19,4.46
"Orion Stand",P000802,19,3.74
"GreenLeaf Visit",P001027,19,3.52
"Pulse Wait",P000652,19,3.2
"Harbor Cup",P000503,19,4.4
"Zenith Phone",P000136,19,4.38
"GreenLeaf Team",P000363,19,4.08
"Nimbus Deal",P001038,18,4.85
"GreenLeaf Reduce",P001510,18,4.47
"Solace Represent",P000282,18,4.79
"Solace Life",P001548,18,3.41
"Harbor Television",P000873,18,4.81
"NeoTech Receive",P000732,18,3.17
"Willow Measure",P001706,18,4.04
"Nimbus Agree",P001500,18,4.75
"NeoTech Yourself",P001140,18,4.6
"Acme Chance",P001830,18,3.02
"Acme Board",P000290,18,3.9
"Solace Serve",P001667,18,4.38
"Willow World",P001261,18,2.63
"Acme Effect",P001692,18,4.64
"Orion Consider",P000620,18,2.85
"Willow Commercial",P000877,18,4.33
"Zenith Argue",P001436,18,3.92
"Zenith Begin",P001150,18,2.96
"Orion Why",P001280,18,2.83
"Zenith Guy",P000510,18,2.87
"Everest Daughter",P000352,18,3.97
"Solace Suffer",P001650,18,4.19
"Nimbus Tonight",P001051,18,2.61
"Everest Several",P001838,18,3.02
"Acme Night",P000040,18,4.74
"Everest Early",P001023,18,2.86
"Solace Commercial",P001186,18,2.63
"NeoTech Standard",P000862,18,3.42
"Acme Sport",P000106,18,4.02
"NeoTech Also",P000316,18,3.8
"Nimbus Environment",P000904,18,3.97
"Willow Several",P001393,18,3.1
"Everest Imagine",P001619,18,4.2
"Orion Paper",P000683,18,4.29
"NeoTech Reveal",P001262,18,2.97
"Everest Memory",P001198,18,2.54
"Zenith Need",P000834,18,4.64
"Everest Yes",P000124,18,2.85
"Pulse Five",P000958,18,2.57
"Everest Various",P000453,18,3.34
"Nimbus Unit",P001709,18,3.14
"Zenith Rise",P001993,18,3.75
"Astra Question",P001180,18,3.84
"GreenLeaf Spring",P000066,18,4.69
"NeoTech Trouble",P001714,18,3.7
"Harbor Score",P000308,18,4.1
"Zenith Accept",P000158,18,4.02
"Nimbus State",P000738,18,4.1
"Nimbus Significant",P000441,18,2.96
"Solace Be",P000151,18,3.53
"Harbor Than",P000667,18,4.81
"Orion Their",P000277,18,3.03
"Willow Bring",P000686,18,4.3
"Harbor Main",P001673,18,2.67
"GreenLeaf Left",P000449,18,2.73
"Zenith Event",P000583,18,4.85
"Willow Agree",P000793,18,3.83
"Everest Beautiful",P000582,18,3.86
"Zenith Trial",P001534,18,3.83
"Zenith Both",P001757,18,4.71
"NeoTech Song",P001934,18,4.73
"NeoTech Car",P001153,18,4.17
"Orion Record",P000096,18,4.15
"Zenith Part",P001413,18,3.56
"Solace Party",P000663,18,2.81
"Harbor Free",P001380,18,3.08
"Zenith Religious",P001775,18,4.55
"Zenith Current",P000016,18,4.68
"Pulse Degree",P001042,18,3.64
"Everest Age",P000997,18,3.68
"Nimbus Knowledge",P000383,18,4.47
"Orion Late",P001017,18,3.36
"Nimbus Maintain",P001807,18,3.67
"Harbor Notice",P001792,18,3.75
"Harbor Doctor",P001463,18,3.68
"NeoTech Network",P000719,18,3.02
"Solace Table",P001657,18,4.61
"Zenith Thought",P000353,18,4.47
"Everest School",P001942,18,3.77
"Pulse Guy",P001431,18,3.65
"Pulse Such",P000026,18,2.85
"Astra Family",P001347,18,3.24
"Everest Deep",P000860,18,3.06
"Nimbus Gun",P000426,18,4.24
"GreenLeaf Star",P001755,18,3.33
"Acme Push",P000676,18,2.85
"Everest Summer",P001372,18,4
"Solace Change",P001319,18,2.88
"Nimbus Top",P001396,18,3.85
"Nimbus Every",P001044,18,3.31
"NeoTech Film",P000219,18,2.96
"Solace Glass",P000696,18,4.54
"GreenLeaf Computer",P001102,18,3.02
"Orion Style",P000972,18,3.31
"Solace Show",P000632,18,3.87
"Everest Tv",P000228,18,3.25
"Astra Bill",P000584,18,2.9
"Harbor Against",P001125,18,3.46
"NeoTech Finally",P000843,18,4.65
"Zenith Break",P000270,18,4.64
"GreenLeaf Network",P001415,18,3.71
"Astra Key",P001854,18,2.51
"Orion Society",P001717,18,4.75
"Nimbus Guess",P001267,18,3.31
"Harbor Better",P001982,18,4.29
"Everest Own",P001073,18,2.56
"Pulse Central",P001781,18,4.66
"Pulse Two",P000852,18,3.01
"Orion Rate",P001054,18,4.77
"Zenith Should",P001450,18,2.96
"Everest Easy",P000050,18,4.17
"Acme Likely",P001521,18,4.61
"Solace Majority",P001675,18,4.87
"Acme Keep",P000681,18,2.93
"Astra Special",P001391,18,4.07
"GreenLeaf Evidence",P000670,18,3.87
"NeoTech Test",P001537,18,4.21
"GreenLeaf Charge",P000720,18,2.72
"Acme President",P001263,18,4.7
"Harbor Movement",P001369,18,3.69
"GreenLeaf Condition",P000702,18,2.8
"Orion Player",P001205,18,4.22
"Pulse No",P001950,18,3.1
"Everest Station",P000524,18,4.08
"NeoTech Imagine",P001912,18,3.87
"Harbor Cost",P001804,18,2.74
"Pulse Year",P001836,18,4.1
"Orion Focus",P001795,18,2.77
"Zenith Cold",P000280,18,3.42
"Solace Something",P000017,18,3.63
"Acme Computer",P000937,18,4.38
"Orion Defense",P001526,18,4.36
"Willow Culture",P001783,18,4.17
"Pulse Daughter",P000841,18,2.52
"Orion Break",P001339,18,2.63
"Harbor Buy",P000966,18,4.37
"Nimbus Politics",P000699,18,4.81
"NeoTech Investment",P000644,18,2.86
"GreenLeaf Window",P000712,18,4.56
"Nimbus When",P001247,17,3.58
"Acme Anyone",P001684,17,4.12
"Nimbus South",P000004,17,4.14
"Everest Despite",P000514,17,4.66
"Willow Protect",P001071,17,3.31
"GreenLeaf Sport",P001906,17,3
"Astra Tough",P001882,17,4.71
"Acme Democratic",P000887,17,4.14
"GreenLeaf Land",P000425,17,2.85
"Pulse Weight",P001449,17,4.18
"Nimbus Drive",P001633,17,3.85
"Orion Short",P000059,17,3.98
"Nimbus Out",P001626,17,4.19
"Harbor Fill",P000743,17,3.52
"GreenLeaf Analysis",P001323,17,3.4
"Nimbus Morning",P000689,17,2.68
"GreenLeaf Score",P000572,17,2.99
"Orion Medical",P001832,17,4.16
"Zenith Hour",P001733,17,3.39
"Pulse Interesting",P001113,17,3.86
"NeoTech Hope",P001629,17,3.44
"GreenLeaf Effort",P000099,17,4.26
"Nimbus Time",P001066,17,3.61
"Solace Bit",P000911,17,4.19
"Orion Red",P000660,17,4.8
"Solace Somebody",P000771,17,4.09
"Everest Factor",P001558,17,2.78
"Solace Other",P000070,17,3.67
"Willow Include",P000271,17,3.29
"GreenLeaf Drive",P001549,17,4.67
"Everest Property",P000370,17,3.3
"NeoTech Career",P001672,17,4.21
"GreenLeaf Approach",P001324,17,2.69
"GreenLeaf Next",P001693,17,3.57
"Pulse Phone",P001740,17,3.14
"Pulse Gas",P001368,17,2.84
"Willow Budget",P000030,17,3.93
"Willow Prove",P000799,17,4.62
"NeoTech A",P000039,17,4.75
"Everest Investment",P001721,17,3.57
"Nimbus Whose",P001908,17,3.81
"Everest Meet",P000983,17,4.51
"Harbor Third",P001059,17,3.38
"Astra City",P000935,17,3.21
"Harbor Despite",P001815,17,2.66
"GreenLeaf Student",P000436,17,4.49
"Pulse Production",P001464,17,2.54
"Nimbus Support",P001506,17,3.07
"Nimbus Run",P001316,17,3.79
"Everest Later",P000469,17,4.45
"Harbor Student",P000069,17,3.09
"NeoTech Tell",P000122,17,4.29
"Acme Process",P001327,17,4.59
"Everest Exactly",P001412,17,3.09
"Pulse Yeah",P000672,17,3.87
"Nimbus Stage",P000682,17,3.94
"GreenLeaf Fight",P000897,17,3.3
"NeoTech Story",P001759,17,4.58
"Acme Art",P000970,17,2.84
"Solace Speak",P000600,17,2.93
"Nimbus Girl",P000920,17,4.7
"GreenLeaf Be",P001303,17,4.34
"Nimbus Approach",P001575,17,2.98
"Harbor Significant",P000166,17,3.12
"Everest Miss",P000978,17,4.28
"Willow Answer",P000491,17,2.95
"Acme Pass",P000625,17,4.72
"Nimbus Eat",P001115,17,4.52
"NeoTech In",P000365,17,3.78
"NeoTech Reason",P000213,17,3.05
"Pulse Possible",P000984,17,3.13
"Pulse Commercial",P000532,17,4.71
"NeoTech Administration",P001598,17,3.51
"Astra Cost",P001496,17,3.32
"Pulse But",P001047,17,4.58
"Harbor Health",P000023,17,3.09
"GreenLeaf Argue",P000634,17,2.52
"Acme Real",P001631,17,3.73
"NeoTech Peace",P000577,17,2.53
"Astra Pressure",P001538,17,2.74
"Everest Clear",P001580,17,4.78
"Everest Design",P001127,17,4.12
"Acme Gun",P000759,17,4.01
"Harbor Story",P001638,17,3.13
"NeoTech Huge",P001236,17,2.72
"Zenith Total",P000452,17,4.64
"Willow Wall",P001272,17,3.45
"Willow Few",P001570,17,3.5
"Harbor Mother",P001446,17,3.04
"Pulse Officer",P000033,17,3.6
"Astra Explain",P000322,17,2.81
"Pulse True",P000138,17,4.06
"GreenLeaf High",P001133,17,3.4
"Everest Customer",P000275,17,3.05
"NeoTech What",P000295,17,4.66
"Acme Thought",P001661,17,4.53
"Solace Interview",P000232,17,4.25
"Nimbus Customer",P000221,17,4.15
"Harbor Different",P001313,17,4.29
"Orion Once",P001190,17,3
"Nimbus Stock",P000159,17,2.61
"Willow Recently",P000132,17,2.56
"GreenLeaf Painting",P000207,17,3.4
"Orion Right",P001682,17,4.19
"Willow Box",P000181,17,2.71
"Astra Player",P001179,17,2.6
"NeoTech Class",P000252,17,3.35
"Harbor Somebody",P001428,17,3.92
"Astra Upon",P000917,17,2.83
"GreenLeaf Seem",P000674,17,3.85
"NeoTech Fear",P000234,16,3.59
"Nimbus Expert",P001897,16,2.95
"GreenLeaf List",P001099,16,4.49
"Nimbus Near",P001843,16,4.37
"GreenLeaf Measure",P000892,16,4.86
"Zenith Skin",P000431,16,3.96
"GreenLeaf Act",P001871,16,2.75
"Harbor Until",P000113,16,4.39
"Harbor Medical",P000522,16,3.17
"Acme When",P001873,16,3.87
"GreenLeaf Various",P000437,16,3.37
"Harbor Professor",P001331,16,3.43
"Acme Group",P000642,16,3.65
"Pulse Throughout",P001181,16,3.77
"NeoTech Rich",P001584,16,4.18
"Willow Officer",P000268,16,4.6
"Zenith Television",P001620,16,3.84
"Everest Raise",P001270,16,3.47
"Harbor Town",P000753,16,4.69
"Willow Peace",P001003,16,4.22
"GreenLeaf Its",P001765,16,3.04
"Pulse Computer",P001878,16,4.51
"NeoTech Nice",P000794,16,2.6
"Everest Also",P001346,16,3.15
"Astra May",P000300,16,4.77
"Solace Guess",P000556,16,3.9
"GreenLeaf List",P001849,16,4.5
"Astra Visit",P000177,16,3.52
"Zenith Movie",P000097,16,4.65
"Willow Plant",P000463,16,4.4
"Nimbus Word",P001183,16,3.51
"Harbor Body",P000202,16,3.51
"Everest Shake",P000739,16,2.52
"Acme American",P000874,16,2.72
"Willow Also",P000475,16,3.42
"Nimbus Give",P000490,16,4.12
"Pulse Season",P000875,16,4.13
"Pulse Eight",P001596,16,3.64
"Astra Into",P000725,16,4.55
"Solace Well",P001216,16,3.43
"NeoTech Commercial",P000064,16,3.98
"Nimbus Or",P001453,16,2.72
"Pulse Set",P001702,16,4.07
"NeoTech Plant",P001204,16,3.55
"Everest Unit",P000709,16,4.49
"Everest Minute",P000235,16,4.15
"Everest Than",P000442,16,4.66
"Astra Option",P001408,16,3.37
"Everest Benefit",P000641,16,2.58
"Astra Lead",P001889,16,3.63
"Solace Billion",P000976,16,3.64
"Orion Listen",P000811,16,4.08
"Solace Strong",P001405,16,2.64
"Willow Fill",P001325,16,2.88
"Everest Drop",P000203,16,4.1
"Solace Down",P000325,16,4.22
"Zenith About",P001289,16,4.38
"Orion Financial",P000259,16,4.42
"Nimbus Bank",P001136,16,3.5
"GreenLeaf Body",P000486,16,3.18
"Nimbus Nice",P001214,16,2.62
"Zenith Skill",P000539,16,3.38
"Nimbus Whole",P000845,16,4.4
"Zenith Hotel",P000665,16,3.96
"Acme Student",P001371,16,4.44
"Harbor Man",P000361,16,2.69
"Everest Police",P000423,16,3.98
"Astra Make",P001949,16,4.01
"Acme Break",P000274,16,3.53
"Zenith Different",P001035,16,2.91
"Solace Even",P001785,16,4.11
"Everest Smile",P000128,16,4.74
"NeoTech Rise",P000536,16,3.91
"Zenith Board",P001809,16,2.77
"Zenith Look",P000579,16,3.63
"Harbor Thousand",P001507,16,3.83
"Acme Production",P000169,16,3.9
"Zenith Rate",P001472,16,3.53
"Nimbus Wish",P001536,16,3.92
"Willow Religious",P000806,16,2.73
"Acme Action",P000586,16,4.64
"Nimbus For",P000741,16,2.96
"Willow Prepare",P001818,16,4.11
"NeoTech Fine",P001041,16,2.87
"Solace Civil",P001074,16,2.96
"Acme Prevent",P001676,16,4.25
"Zenith Create",P000114,16,4.14
"Nimbus Property",P001297,16,4.07
"Astra Number",P000242,16,2.9
"Zenith Might",P000792,15,3.99
"Everest Else",P001563,15,2.7
"Astra Power",P000058,15,3.41
"Astra Congress",P000797,15,4.15
"Astra These",P001966,15,3.83
"Nimbus Interesting",P000060,15,2.56
"Solace Really",P000711,15,3.98
"Nimbus Pass",P000598,15,4.78
"Astra All",P000822,15,2.58
"Willow Exist",P000562,15,3.15
"Nimbus Today",P000745,15,3.58
"GreenLeaf Goal",P001847,15,4.09
"NeoTech Imagine",P000170,15,3.57
"Zenith Board",P001997,15,2.66
"Pulse Idea",P000409,15,4.77
"Harbor Those",P000573,15,2.69
"Acme Give",P000631,15,2.74
"Nimbus Sell",P000656,15,2.72
"Zenith Myself",P001567,15,4.31
"GreenLeaf Who",P000292,15,3.2
"NeoTech Person",P001089,15,3.04
"Harbor Itself",P000173,15,4.4
"Nimbus Standard",P000805,15,3.72
"Pulse Require",P001523,15,3.22
"Harbor Necessary",P000089,15,3.55
"Acme Stuff",P000281,15,3.31
"Nimbus Great",P001677,15,3.11
"Pulse Pm",P001479,15,2.69
"Nimbus Camera",P001432,15,3.97
"GreenLeaf Call",P000622,15,3.91
"Orion Owner",P001960,15,2.94
"Nimbus Culture",P000668,15,3.77
"Nimbus Only",P000416,15,4.25
"Orion Room",P001708,15,2.97
"Astra Production",P000611,15,2.8
"NeoTech Everyone",P001545,15,2.94
"Nimbus Watch",P000558,15,3.57
"Solace Loss",P001281,15,4.69
"Everest Make",P001751,15,4.43
"Harbor Pick",P001185,15,3.28
"Astra Type",P001094,15,3.52
"Harbor Place",P001597,15,3.15
"Willow Open",P001409,15,4.54
"Orion Head",P001909,15,2.73
"GreenLeaf Process",P001419,15,3.86
"Astra Clearly",P000778,15,3.65
"Nimbus Lawyer",P000267,15,3.32
"Orion Young",P001342,15,4.4
"Zenith Happy",P001743,15,4.54
"Willow Sit",P000445,15,4.14
"NeoTech Guy",P001592,15,4.45
"GreenLeaf Medical",P001660,15,4.72
"Willow Imagine",P001978,15,3.25
"Solace Movie",P001282,15,4.79
"Acme Their",P000067,15,3.13
"GreenLeaf Meet",P001008,15,2.53
"Acme Artist",P001744,15,3.21
"Pulse Answer",P000167,15,4.4
"GreenLeaf At",P000344,15,3.91
"Pulse Order",P000119,15,4.77
"Zenith Deal",P000298,15,4.34
"Solace Subject",P000915,15,3.62
"Solace Democratic",P001090,14,3.45
"Everest Skin",P001581,14,3.65
"Harbor Defense",P000624,14,4.42
"Orion Foot",P000378,14,3.21
"Pulse Design",P001973,14,2.72
"Zenith Coach",P000110,14,2.5
"Astra Behavior",P001800,14,4.7
"Harbor Simple",P000839,14,2.64
"Pulse Road",P001182,14,3.48
"Harbor Foreign",P001072,14,4.17
"Solace The",P000374,14,4.71
"NeoTech Into",P001514,14,3.64
"Acme Age",P001864,14,3.63
"Astra Enter",P000038,14,3.85
"Astra Get",P000245,14,4.61
"Everest Nor",P000338,14,2.61
"Zenith Civil",P001573,14,3.62
"Harbor Allow",P001197,14,3.25
"Harbor Seek",P000250,14,3.13
"NeoTech Whom",P001529,14,3.13
"Nimbus Fill",P001845,14,4.7
"Willow Place",P000951,14,4.07
"Everest Type",P001884,14,3.23
"Everest Source",P001971,14,4.03
"Zenith Way",P000142,14,4.65
"Orion Rock",P000176,14,4.8
"Zenith Member",P001006,14,3.82
"Astra Beyond",P001048,14,2.95
"Solace Treat",P000671,14,3.59
"Solace Growth",P001037,14,3.53
"Pulse Would",P001439,14,3.51
"Astra Establish",P001302,14,4.64
"Orion Role",P000464,14,4.33
"Harbor Together",P001434,14,3.68
"Acme Indeed",P000616,14,4.48
"Solace Owner",P001091,14,4.31
"Astra Here",P001414,14,2.81
"Harbor Mrs",P001300,14,4.23
"Pulse Scientist",P001568,14,4.42
"GreenLeaf It",P000881,14,4.56
"Everest Unit",P000974,14,3.12
"Astra Page",P000773,14,2.8
"Orion Break",P000477,14,4.12
"Astra Guy",P001382,14,3.43
"Willow Law",P001876,14,4.38
"Solace Republican",P000533,14,4.15
"Zenith Decade",P001068,14,3.65
"Nimbus Professional",P000465,14,4.33
"Astra Collection",P001242,14,3.84
"Nimbus Someone",P000550,14,4.64
"Harbor System",P000260,13,4.68
"NeoTech Nearly",P000455,13,4.45
"NeoTech Stuff",P000615,13,3.07
"Harbor Per",P001482,13,4.85
"Harbor Opportunity",P000994,13,2.82
"Nimbus Market",P000975,13,4.48
"Zenith Then",P000284,13,2.53
"Harbor Audience",P000630,13,3.79
"Zenith Check",P000362,13,4.75
"Pulse Politics",P001288,13,4.75
"Everest Child",P000513,13,3.45
"Acme Sign",P001924,13,3.74
"Harbor Size",P000664,13,3.75
"GreenLeaf Project",P001445,13,4.72
"Harbor Fire",P001930,13,4.18
"Acme Wife",P001851,13,3.77
"Pulse Take",P001076,13,2.85
"Nimbus Level",P000995,13,2.93
"Solace Including",P001335,13,4.21
"GreenLeaf Relate",P000523,13,4.5
"GreenLeaf Less",P001417,13,4.59
"NeoTech Peace",P000093,13,3.85
"Everest Food",P000121,13,4.28
"Willow Blood",P000940,13,3.25
"Pulse Ok",P001508,13,4.32
"Zenith Story",P000200,13,3.37
"Everest Push",P000973,13,2.84
"Harbor For",P000187,13,4.84
"Nimbus Should",P000511,13,2.6
"Acme Best",P001886,12,3.02
"GreenLeaf Do",P001640,12,2.75
"Pulse Five",P001320,12,3.4
"Everest Take",P001602,12,3.79
"Harbor Who",P000024,12,4.35
"Harbor Several",P000368,12,4.37
"Acme Take",P001498,12,2.84
"Astra Work",P001887,12,2.84
"Acme Outside",P000336,12,4.21
"Nimbus Mr",P000398,12,4.59
"Orion Serious",P001875,12,2.73
"Pulse Next",P000415,12,3.87
"Solace System",P001985,12,4.59
"Acme Up",P001057,11,4.42
"Harbor Look",P001388,11,4.44
"Willow Indicate",P000818,11,3.6
"Nimbus Nature",P000828,11,3.42
"Zenith Study",P001788,11,2.68
"Orion Administration",P001656,11,2.8
"Pulse Result",P001106,11,4.22
"Harbor Group",P001312,11,3.97
"Harbor Two",P001129,10,3.24
"Nimbus If",P000168,10,3.97
"Harbor Improve",P001416,10,4
"NeoTech Better",P001131,9,3.98
"Willow Tree",P000971,9,3.9
