user_id,review_before_arrival
U000001,Flag
U000002,Flag
U000003,Normal
U000004,Flag
U000005,Flag
U000006,Flag
U000008,Flag
U000009,Flag
U000010,Flag
U000013,Flag
U000014,Flag
U000017,Normal
U000019,Normal
U000020,Flag
U000021,Flag
U000022,Flag
U000023,Flag
U000025,Flag
U000026,Normal
U000027,Flag
U000029,Normal
U000031,Normal
U000032,Flag
U000034,Flag
U000035,Flag
U000036,Flag
U000037,Normal
U000038,Flag
U000040,Flag
U000042,Normal
U000044,Flag
U000047,Flag
U000048,Normal
U000050,Normal
U000051,Flag
U000055,Flag
U000056,Flag
U000059,Flag
U000060,Flag
U000065,Flag
U000067,Flag
U000068,Normal
U000070,Flag
U000071,Flag
U000072,Normal
U000074,Flag
U000076,Flag
U000077,Normal
U000078,Flag
U000079,Flag
U000080,Flag
U000081,Normal
U000082,Flag
U000083,Flag
U000084,Flag
U000087,Flag
U000088,Flag
U000090,Flag
U000091,Normal
U000093,Normal
U000094,Flag
U000096,Flag
U000103,Flag
U000104,Flag
U000106,Flag
U000107,Flag
U000111,Flag
U000112,Flag
U000115,Flag
U000116,Flag
U000117,Normal
U000119,Flag
U000120,Flag
U000125,Flag
U000126,Flag
U000127,Flag
U000130,Flag
U000131,Normal
U000132,Normal
U000134,Flag
U000136,Normal
U000139,Flag
U000140,Flag
U000142,Normal
U000143,Normal
U000144,Flag
U000145,Flag
U000146,Flag
U000147,Flag
U000149,Flag
U000153,Flag
U000155,Normal
U000157,Flag
U000158,Normal
U000159,Normal
U000160,Flag
U000161,Flag
U000163,Flag
U000164,Flag
U000165,Normal
U000168,Flag
U000169,Normal
U000170,Flag
U000171,Flag
U000172,Flag
U000174,Normal
U000175,Flag
U000176,Flag
U000178,Flag
U000180,Flag
U000182,Flag
U000183,Flag
U000185,Flag
U000190,Flag
U000192,Flag
U000193,Flag
U000195,Normal
U000198,Flag
U000199,Flag
U000201,Flag
U000202,Flag
U000203,Flag
U000204,Flag
U000205,Normal
U000207,Flag
U000209,Flag
U000210,Flag
U000212,Flag
U000215,Flag
U000216,Flag
U000217,Flag
U000218,Flag
U000219,Flag
U000220,Flag
U000224,Normal
U000228,Flag
U000231,Normal
U000233,Flag
U000234,Flag
U000238,Normal
U000242,Normal
U000248,Flag
U000250,Flag
U000251,Normal
U000253,Flag
U000254,Flag
U000255,Normal
U000257,Flag
U000259,Flag
U000261,Flag
U000262,Flag
U000263,Flag
U000264,Normal
U000267,Flag
U000269,Normal
U000271,Flag
U000272,Flag
U000273,Flag
U000276,Flag
U000280,Flag
U000282,Flag
U000283,Flag
U000284,Normal
U000286,Flag
U000287,Flag
U000289,Flag
U000291,Flag
U000292,Flag
U000295,Flag
U000296,Flag
U000301,Flag
U000303,Flag
U000307,Flag
U000309,Flag
U000312,Flag
U000314,Normal
U000316,Flag
U000317,Normal
U000318,Flag
U000319,Flag
U000320,Flag
U000321,Flag
U000322,Flag
U000323,Flag
U000325,Normal
U000326,Normal
U000327,Flag
U000328,Normal
U000330,Flag
U000331,Flag
U000332,Flag
U000333,Flag
U000338,Flag
U000339,Flag
U000341,Flag
U000344,Flag
U000345,Flag
U000347,Flag
U000349,Flag
U000352,Flag
U000353,Flag
U000354,Flag
U000356,Flag
U000357,Flag
U000358,Normal
U000362,Flag
U000364,Normal
U000366,Flag
U000368,Flag
U000369,Normal
U000371,Flag
U000373,Flag
U000374,Normal
U000376,Normal
U000378,Normal
U000379,Flag
U000384,Flag
U000386,Flag
U000387,Flag
U000388,Flag
U000389,Flag
U000390,Normal
U000391,Flag
U000392,Flag
U000394,Flag
U000396,Flag
U000399,Normal
U000400,Flag
U000401,Normal
U000403,Flag
U000405,Flag
U000406,Normal
U000409,Flag
U000410,Flag
U000411,Flag
U000413,Flag
U000414,Flag
U000415,Flag
U000416,Flag
U000417,Flag
U000419,Normal
U000423,Flag
U000425,Flag
U000426,Flag
U000427,Flag
U000428,Normal
U000429,Flag
U000431,Flag
U000432,Flag
U000433,Flag
U000434,Flag
U000435,Flag
U000436,Flag
U000437,Flag
U000439,Flag
U000442,Flag
U000445,Flag
U000447,Flag
U000452,Flag
U000456,Flag
U000457,Flag
U000458,Flag
U000462,Flag
U000463,Flag
U000464,Normal
U000465,Flag
U000466,Flag
U000468,Flag
U000473,Flag
U000477,Flag
U000481,Flag
U000482,Flag
U000484,Flag
U000486,Flag
U000487,Flag
U000488,Normal
U000489,Flag
U000490,Flag
U000492,Flag
U000493,Normal
U000494,Flag
U000496,Flag
U000498,Flag
U000499,Flag
U000503,Flag
U000506,Flag
U000507,Flag
U000508,Flag
U000510,Normal
U000511,Flag
U000512,Flag
U000513,Flag
U000514,Flag
U000515,Normal
U000516,Normal
U000517,Flag
U000518,Flag
U000524,Flag
U000525,Flag
U000526,Flag
U000527,Flag
U000528,Flag
U000531,Flag
U000532,Flag
U000533,Normal
U000536,Flag
U000539,Normal
U000541,Flag
U000542,Flag
U000544,Flag
U000545,Normal
U000546,Flag
U000548,Flag
U000553,Normal
U000559,Flag
U000561,Normal
U000563,Flag
U000564,Flag
U000566,Normal
U000568,Flag
U000570,Flag
U000571,Flag
U000572,Flag
U000573,Flag
U000576,Normal
U000578,Normal
U000582,Flag
U000583,Flag
U000585,Flag
U000588,Flag
U000591,Normal
U000594,Flag
U000595,Flag
U000596,Flag
U000598,Normal
U000599,Flag
U000604,Flag
U000605,Flag
U000606,Flag
U000607,Normal
U000608,Flag
U000610,Flag
U000611,Normal
U000612,Flag
U000614,Flag
U000615,Normal
U000616,Flag
U000618,Flag
U000620,Flag
U000621,Flag
U000624,Flag
U000627,Flag
U000630,Normal
U000631,Flag
U000632,Normal
U000633,Flag
U000634,Normal
U000636,Flag
U000637,Flag
U000638,Flag
U000639,Normal
U000640,Flag
U000641,Normal
U000642,Flag
U000645,Flag
U000646,Flag
U000647,Normal
U000649,Flag
U000650,Flag
U000653,Flag
U000654,Flag
U000655,Flag
U000656,Normal
U000659,Flag
U000663,Normal
U000664,Flag
U000665,Normal
U000666,Normal
U000667,Flag
U000668,Flag
U000669,Flag
U000670,Normal
U000671,Flag
U000675,Flag
U000676,Flag
U000677,Flag
U000678,Normal
U000682,Flag
U000683,Flag
U000684,Flag
U000687,Flag
U000690,Normal
U000691,Flag
U000692,Normal
U000693,Flag
U000694,Flag
U000695,Normal
U000698,Flag
U000701,Flag
U000702,Flag
U000703,Normal
U000704,Flag
U000706,Normal
U000707,Flag
U000708,Flag
U000711,Flag
U000712,Flag
U000713,Normal
U000714,Flag
U000716,Normal
U000717,Flag
U000725,Normal
U000728,Normal
U000731,Normal
U000732,Normal
U000734,Flag
U000735,Flag
U000736,Flag
U000737,Flag
U000741,Flag
U000742,Flag
U000745,Normal
U000746,Flag
U000747,Flag
U000749,Normal
U000750,Flag
U000751,Flag
U000752,Flag
U000754,Flag
U000755,Flag
U000757,Normal
U000758,Flag
U000759,Flag
U000761,Flag
U000763,Flag
U000766,Normal
U000768,Flag
U000770,Normal
U000771,Flag
U000772,Flag
U000774,Flag
U000778,Flag
U000779,Flag
U000780,Flag
U000781,Flag
U000782,Flag
U000785,Normal
U000788,Flag
U000792,Flag
U000793,Flag
U000794,Flag
U000795,Flag
U000796,Flag
U000797,Flag
U000798,Flag
U000799,Flag
U000800,Normal
U000801,Flag
U000802,Flag
U000803,Flag
U000805,Flag
U000806,Flag
U000811,Flag
U000813,Normal
U000814,Flag
U000815,Flag
U000817,Normal
U000818,Normal
U000820,Flag
U000821,Flag
U000825,Flag
U000826,Normal
U000827,Normal
U000828,Flag
U000829,Flag
U000830,Flag
U000832,Flag
U000834,Flag
U000835,Normal
U000836,Flag
U000837,Flag
U000838,Normal
U000840,Flag
U000841,Flag
U000842,Flag
U000843,Flag
U000844,Flag
U000845,Flag
U000846,Flag
U000847,Flag
U000848,Normal
U000850,Flag
U000853,Normal
U000854,Normal
U000856,Flag
U000857,Normal
U000858,Flag
U000860,Normal
U000861,Flag
U000863,Flag
U000866,Flag
U000867,Flag
U000869,Flag
U000870,Flag
U000871,Flag
U000875,Normal
U000876,Normal
U000878,Flag
U000879,Flag
U000880,Normal
U000881,Normal
U000884,Flag
U000886,Flag
U000888,Flag
U000890,Flag
U000892,Flag
U000894,Normal
U000897,Flag
U000902,Normal
U000904,Flag
U000906,Flag
U000907,Flag
U000909,Flag
U000911,Flag
U000912,Flag
U000914,Flag
U000918,Flag
U000919,Flag
U000922,Flag
U000923,Flag
U000924,Flag
U000925,Normal
U000926,Flag
U000927,Flag
U000929,Flag
U000931,Flag
U000932,Flag
U000933,Normal
U000935,Flag
U000936,Flag
U000939,Normal
U000940,Flag
U000944,Flag
U000949,Flag
U000952,Flag
U000953,Flag
U000954,Flag
U000955,Flag
U000957,Flag
U000959,Flag
U000961,Flag
U000965,Flag
U000966,Flag
U000971,Flag
U000972,Flag
U000974,Flag
U000975,Flag
U000978,Flag
U000981,Flag
U000985,Flag
U000987,Flag
U000989,Flag
U000990,Flag
U000991,Flag
U000992,Flag
U000993,Flag
U000998,Normal
U000999,Normal
U001000,Normal
U001002,Flag
U001004,Flag
U001005,Flag
U001006,Flag
U001007,Normal
U001008,Flag
U001010,Flag
U001011,Flag
U001015,Flag
U001016,Normal
U001017,Flag
U001018,Flag
U001019,Flag
U001021,Flag
U001023,Flag
U001025,Flag
U001028,Flag
U001029,Flag
U001031,Flag
U001036,Normal
U001040,Normal
U001041,Flag
U001043,Flag
U001044,Flag
U001046,Flag
U001047,Normal
U001048,Flag
U001050,Flag
U001052,Flag
U001053,Flag
U001054,Flag
U001055,Flag
U001056,Flag
U001057,Flag
U001058,Normal
U001059,Normal
U001060,Normal
U001063,Flag
U001064,Normal
U001066,Flag
U001067,Flag
U001068,Flag
U001069,Flag
U001071,Normal
U001072,Flag
U001074,Normal
U001075,Normal
U001077,Flag
U001080,Flag
U001081,Flag
U001082,Normal
U001083,Flag
U001087,Normal
U001088,Flag
U001089,Flag
U001091,Normal
U001093,Flag
U001094,Flag
U001096,Flag
U001097,Flag
U001098,Flag
U001099,Flag
U001102,Flag
U001104,Flag
U001109,Flag
U001112,Flag
U001115,Flag
U001116,Normal
U001117,Normal
U001118,Flag
U001119,Normal
U001122,Flag
U001123,Flag
U001125,Flag
U001126,Flag
U001129,Normal
U001130,Flag
U001131,Flag
U001132,Flag
U001133,Flag
U001135,Flag
U001136,Flag
U001137,Flag
U001139,Normal
U001142,Flag
U001144,Flag
U001145,Flag
U001146,Flag
U001151,Flag
U001152,Flag
U001153,Normal
U001157,Flag
U001158,Normal
U001160,Flag
U001161,Flag
U001162,Flag
U001164,Flag
U001165,Flag
U001166,Flag
U001167,Flag
U001170,Flag
U001176,Flag
U001177,Flag
U001178,Flag
U001180,Flag
U001181,Normal
U001182,Flag
U001186,Flag
U001187,Flag
U001188,Flag
U001189,Flag
U001191,Flag
U001193,Flag
U001194,Flag
U001195,Normal
U001196,Flag
U001198,Flag
U001200,Flag
U001202,Normal
U001203,Normal
U001204,Flag
U001205,Flag
U001208,Flag
U001209,Normal
U001212,Flag
U001214,Flag
U001216,Flag
U001218,Flag
U001219,Flag
U001220,Flag
U001221,Flag
U001223,Flag
U001224,Flag
U001225,Flag
U001226,Normal
U001235,Flag
U001236,Normal
U001241,Normal
U001242,Flag
U001243,Flag
U001244,Flag
U001245,Flag
U001247,Flag
U001248,Flag
U001250,Flag
U001252,Flag
U001253,Flag
U001254,Flag
U001257,Normal
U001260,Flag
U001264,Flag
U001270,Flag
U001271,Flag
U001274,Flag
U001275,Flag
U001276,Flag
U001277,Normal
U001279,Flag
U001281,Normal
U001282,Flag
U001283,Flag
U001285,Flag
U001286,Normal
U001287,Flag
U001288,Flag
U001291,Normal
U001292,Normal
U001293,Normal
U001294,Flag
U001295,Normal
U001296,Flag
U001297,Flag
U001300,Flag
U001301,Flag
U001303,Flag
U001304,Flag
U001305,Normal
U001308,Normal
U001309,Flag
U001311,Flag
U001315,Flag
U001317,Flag
U001318,Flag
U001320,Normal
U001321,Flag
U001322,Flag
U001325,Flag
U001329,Flag
U001332,Flag
U001334,Flag
U001335,Normal
U001336,Normal
U001337,Flag
U001340,Flag
U001341,Flag
U001342,Flag
U001343,Normal
U001346,Normal
U001349,Normal
U001351,Flag
U001352,Flag
U001353,Flag
U001354,Flag
U001355,Normal
U001356,Flag
U001359,Flag
U001361,Normal
U001362,Flag
U001364,Flag
U001365,Flag
U001371,Normal
U001372,Flag
U001373,Normal
U001376,Flag
U001378,Normal
U001379,Normal
U001380,Flag
U001381,Flag
U001383,Flag
U001384,Normal
U001385,Flag
U001388,Flag
U001391,Normal
U001399,Flag
U001401,Normal
U001402,Flag
U001404,Flag
U001408,Flag
U001409,Normal
U001411,Flag
U001412,Normal
U001415,Normal
U001417,Flag
U001418,Flag
U001419,Flag
U001420,Flag
U001421,Normal
U001424,Flag
U001425,Flag
U001427,Normal
U001433,Flag
U001438,Flag
U001439,Flag
U001443,Normal
U001445,Normal
U001446,Flag
U001449,Flag
U001452,Flag
U001453,Flag
U001456,Flag
U001457,Normal
U001458,Flag
U001459,Normal
U001465,Flag
U001469,Flag
U001470,Flag
U001471,Flag
U001472,Flag
U001479,Flag
U001480,Flag
U001483,Normal
U001485,Flag
U001487,Flag
U001488,Flag
U001490,Flag
U001491,Flag
U001492,Normal
U001493,Flag
U001497,Normal
U001502,Flag
U001505,Flag
U001507,Flag
U001508,Flag
U001509,Flag
U001510,Normal
U001512,Flag
U001513,Normal
U001515,Flag
U001517,Normal
U001518,Flag
U001520,Flag
U001521,Flag
U001523,Flag
U001525,Flag
U001529,Flag
U001530,Flag
U001537,Flag
U001539,Flag
U001540,Flag
U001541,Flag
U001543,Flag
U001549,Flag
U001550,Flag
U001553,Normal
U001559,Flag
U001560,Flag
U001561,Flag
U001562,Normal
U001563,Flag
U001565,Flag
U001566,Flag
U001568,Flag
U001571,Flag
U001573,Flag
U001574,Flag
U001576,Flag
U001577,Normal
U001578,Flag
U001580,Flag
U001581,Flag
U001582,Flag
U001583,Normal
U001586,Flag
U001588,Flag
U001592,Normal
U001593,Flag
U001594,Normal
U001597,Flag
U001598,Flag
U001599,Flag
U001600,Flag
U001602,Flag
U001604,Flag
U001605,Normal
U001606,Flag
U001608,Flag
U001610,Flag
U001611,Flag
U001613,Flag
U001614,Normal
U001619,Normal
U001620,Flag
U001621,Flag
U001622,Flag
U001623,Flag
U001626,Normal
U001628,Normal
U001630,Flag
U001631,Flag
U001632,Normal
U001633,Flag
U001635,Normal
U001639,Normal
U001645,Flag
U001646,Flag
U001647,Normal
U001648,Flag
U001650,Normal
U001651,Normal
U001652,Flag
U001654,Flag
U001655,Flag
U001658,Flag
U001660,Flag
U001662,Normal
U001664,Normal
U001665,Normal
U001666,Flag
U001668,Normal
U001670,Flag
U001672,Flag
U001673,Flag
U001674,Normal
U001675,Normal
U001676,Flag
U001677,Flag
U001678,Flag
U001679,Flag
U001680,Flag
U001681,Flag
U001686,Normal
U001687,Flag
U001690,Normal
U001692,Flag
U001696,Normal
U001699,Flag
U001700,Flag
U001703,Flag
U001704,Flag
U001705,Normal
U001712,Flag
U001713,Flag
U001714,Flag
U001718,Flag
U001727,Flag
U001731,Flag
U001733,Flag
U001734,Flag
U001737,Normal
U001740,Flag
U001741,Flag
U001743,Normal
U001744,Normal
U001749,Normal
U001750,Flag
U001751,Normal
U001753,Flag
U001754,Flag
U001757,Normal
U001758,Flag
U001760,Normal
U001761,Flag
U001762,Flag
U001763,Flag
U001768,Flag
U001771,Flag
U001772,Normal
U001775,Flag
U001776,Normal
U001777,Flag
U001778,Flag
U001782,Flag
U001783,Flag
U001784,Flag
U001785,Flag
U001786,Flag
U001788,Normal
U001790,Flag
U001791,Normal
U001792,Flag
U001795,Flag
U001797,Flag
U001799,Flag
U001800,Normal
U001801,Flag
U001802,Flag
U001803,Normal
U001804,Flag
U001806,Flag
U001808,Flag
U001810,Flag
U001811,Flag
U001813,Flag
U001814,Flag
U001818,Normal
U001820,Normal
U001823,Flag
U001824,Flag
U001825,Flag
U001826,Normal
U001827,Flag
U001829,Normal
U001833,Flag
U001835,Flag
U001838,Flag
U001840,Flag
U001841,Normal
U001842,Flag
U001843,Flag
U001844,Flag
U001849,Flag
U001850,Flag
U001852,Normal
U001854,Flag
U001855,Flag
U001858,Normal
U001859,Flag
U001861,Normal
U001862,Flag
U001863,Flag
U001865,Flag
U001866,Flag
U001868,Flag
U001871,Normal
U001872,Flag
U001873,Normal
U001874,Normal
U001876,Flag
U001877,Flag
U001878,Normal
U001880,Normal
U001881,Flag
U001882,Flag
U001885,Flag
U001886,Flag
U001887,Flag
U001889,Flag
U001890,Flag
U001891,Normal
U001892,Normal
U001893,Flag
U001896,Flag
U001897,Normal
U001900,Flag
U001901,Normal
U001903,Flag
U001905,Flag
U001906,Normal
U001908,Flag
U001910,Flag
U001912,Flag
U001914,Flag
U001916,Flag
U001918,Flag
U001919,Flag
U001920,Flag
U001922,Flag
U001923,Flag
U001924,Flag
U001925,Flag
U001927,Flag
U001930,Flag
U001932,Flag
U001933,Flag
U001935,Flag
U001936,Flag
U001938,Flag
U001941,Normal
U001942,Flag
U001945,Normal
U001947,Flag
U001948,Normal
U001950,Flag
U001951,Normal
U001953,Flag
U001955,Normal
U001956,Flag
U001959,Flag
U001962,Flag
U001963,Normal
U001965,Normal
U001967,Flag
U001968,Flag
U001973,Flag
U001974,Normal
U001977,Flag
U001979,Normal
U001982,Normal
U001983,Flag
U001984,Normal
U001986,Flag
U001987,Normal
U001988,Flag
U001990,Flag
U001991,Flag
U001993,Flag
U001994,Flag
U001996,Normal
U001997,Flag
U001998,Flag
U001999,Flag
U002002,Flag
U002003,Normal
U002004,Flag
U002005,Normal
U002006,Normal
U002007,Flag
U002009,Normal
U002010,Flag
U002011,Flag
U002012,Flag
U002013,Flag
U002018,Flag
U002019,Normal
U002020,Flag
U002021,Flag
U002022,Flag
U002024,Flag
U002026,Normal
U002027,Flag
U002028,Flag
U002029,Flag
U002032,Normal
U002033,Normal
U002034,Flag
U002039,Flag
U002040,Flag
U002043,Flag
U002044,Normal
U002045,Flag
U002047,Flag
U002048,Normal
U002049,Flag
U002050,Flag
U002051,Normal
U002052,Flag
U002053,Flag
U002054,Normal
U002056,Flag
U002058,Flag
U002062,Flag
U002063,Flag
U002065,Flag
U002066,Flag
U002069,Normal
U002070,Flag
U002071,Normal
U002073,Flag
U002075,Flag
U002076,Flag
U002079,Normal
U002080,Flag
U002083,Flag
U002084,Flag
U002086,Flag
U002089,Flag
U002090,Flag
U002091,Flag
U002092,Normal
U002094,Flag
U002095,Flag
U002098,Flag
U002099,Normal
U002100,Normal
U002102,Flag
U002105,Flag
U002110,Normal
U002111,Flag
U002114,Flag
U002115,Flag
U002117,Flag
U002118,Flag
U002123,Normal
U002124,Flag
U002125,Flag
U002126,Normal
U002128,Flag
U002129,Flag
U002130,Flag
U002132,Flag
U002133,Flag
U002134,Flag
U002137,Flag
U002138,Normal
U002139,Flag
U002141,Flag
U002142,Normal
U002144,Flag
U002146,Flag
U002147,Normal
U002149,Flag
U002152,Flag
U002153,Flag
U002156,Flag
U002157,Flag
U002159,Normal
U002167,Flag
U002168,Flag
U002169,Normal
U002173,Normal
U002174,Flag
U002175,Flag
U002177,Flag
U002178,Flag
U002179,Flag
U002181,Flag
U002184,Flag
U002185,Flag
U002186,Flag
U002187,Flag
U002188,Flag
U002189,Flag
U002190,Normal
U002194,Flag
U002196,Flag
U002197,Flag
U002198,Flag
U002199,Flag
U002200,Flag
U002203,Flag
U002207,Flag
U002209,Normal
U002210,Flag
U002212,Normal
U002214,Flag
U002216,Flag
U002218,Flag
U002219,Normal
U002220,Normal
U002221,Flag
U002222,Flag
U002223,Flag
U002224,Flag
U002227,Flag
U002231,Flag
U002232,Flag
U002233,Normal
U002235,Flag
U002237,Flag
U002239,Flag
U002244,Flag
U002246,Flag
U002247,Flag
U002251,Flag
U002255,Flag
U002256,Flag
U002257,Flag
U002258,Normal
U002259,Flag
U002260,Flag
U002261,Flag
U002262,Normal
U002263,Flag
U002264,Flag
U002266,Normal
U002267,Flag
U002268,Flag
U002269,Normal
U002270,Flag
U002271,Normal
U002272,Normal
U002276,Normal
U002278,Flag
U002279,Flag
U002283,Flag
U002286,Flag
U002287,Flag
U002289,Flag
U002290,Normal
U002291,Flag
U002294,Flag
U002295,Flag
U002297,Flag
U002298,Flag
U002301,Flag
U002302,Flag
U002304,Flag
U002309,Normal
U002311,Flag
U002315,Flag
U002316,Normal
U002317,Normal
U002320,Flag
U002321,Flag
U002322,Flag
U002323,Flag
U002328,Flag
U002329,Flag
U002333,Flag
U002334,Flag
U002339,Normal
U002341,Flag
U002342,Flag
U002343,Normal
U002344,Flag
U002345,Flag
U002346,Normal
U002347,Normal
U002348,Normal
U002352,Flag
U002355,Flag
U002356,Flag
U002357,Flag
U002359,Normal
U002360,Normal
U002362,Flag
U002365,Flag
U002366,Flag
U002369,Flag
U002371,Flag
U002373,Normal
U002376,Flag
U002378,Normal
U002381,Flag
U002382,Normal
U002383,Flag
U002390,Flag
U002391,Normal
U002392,Flag
U002398,Flag
U002399,Flag
U002400,Flag
U002404,Flag
U002406,Flag
U002407,Normal
U002408,Flag
U002410,Normal
U002411,Normal
U002414,Flag
U002417,Flag
U002418,Normal
U002419,Flag
U002420,Flag
U002421,Flag
U002422,Flag
U002424,Flag
U002426,Flag
U002429,Flag
U002430,Flag
U002431,Flag
U002432,Flag
U002435,Normal
U002436,Flag
U002437,Flag
U002438,Normal
U002440,Flag
U002441,Normal
U002442,Flag
U002445,Flag
U002446,Flag
U002448,Normal
U002449,Normal
U002451,Flag
U002452,Flag
U002453,Flag
U002454,Normal
U002455,Flag
U002456,Flag
U002460,Flag
U002461,Flag
U002462,Flag
U002464,Flag
U002465,Flag
U002466,Flag
U002469,Flag
U002471,Flag
U002473,Flag
U002476,Flag
U002477,Flag
U002478,Flag
U002480,Normal
U002485,Flag
U002487,Normal
U002488,Normal
U002489,Flag
U002490,Flag
U002491,Flag
U002493,Normal
U002494,Flag
U002495,Flag
U002496,Normal
U002497,Flag
U002498,Flag
U002499,Flag
U002500,Normal
U002501,Flag
U002502,Flag
U002503,Flag
U002506,Normal
U002511,Flag
U002512,Normal
U002513,Flag
U002515,Normal
U002516,Normal
U002517,Normal
U002518,Flag
U002519,Flag
U002520,Normal
U002522,Flag
U002523,Flag
U002526,Flag
U002527,Flag
U002528,Flag
U002529,Flag
U002530,Flag
U002533,Flag
U002534,Flag
U002535,Flag
U002537,Flag
U002540,Flag
U002542,Flag
U002544,Flag
U002545,Normal
U002549,Normal
U002552,Flag
U002553,Flag
U002554,Flag
U002556,Flag
U002559,Normal
U002566,Normal
U002570,Flag
U002571,Flag
U002573,Normal
U002574,Flag
U002575,Flag
U002577,Flag
U002578,Normal
U002580,Normal
U002582,Flag
U002584,Flag
U002586,Flag
U002587,Normal
U002589,Normal
U002593,Flag
U002594,Flag
U002596,Flag
U002601,Normal
U002602,Flag
U002606,Flag
U002607,Flag
U002610,Flag
U002612,Flag
U002613,Normal
U002614,Flag
U002618,Normal
U002620,Normal
U002625,Normal
U002628,Flag
U002630,Flag
U002631,Flag
U002633,Flag
U002634,Flag
U002635,Flag
U002636,Flag
U002643,Flag
U002644,Normal
U002645,Flag
U002646,Flag
U002648,Flag
U002649,Flag
U002650,Flag
U002651,Flag
U002653,Flag
U002655,Normal
U002656,Normal
U002657,Flag
U002659,Flag
U002662,Flag
U002663,Flag
U002664,Flag
U002665,Flag
U002667,Flag
U002668,Flag
U002669,Normal
U002671,Normal
U002673,Normal
U002676,Flag
U002678,Flag
U002679,Normal
U002680,Normal
U002684,Flag
U002685,Flag
U002686,Flag
U002687,Flag
U002688,Flag
U002689,Normal
U002691,Normal
U002693,Flag
U002694,Normal
U002695,Flag
U002699,Flag
U002700,Flag
U002701,Flag
U002702,Flag
U002703,Flag
U002706,Flag
U002707,Flag
U002708,Flag
U002709,Normal
U002710,Normal
U002711,Normal
U002715,Flag
U002718,Flag
U002719,Flag
U002721,Normal
U002722,Flag
U002723,Flag
U002724,Flag
U002726,Normal
U002727,Flag
U002730,Flag
U002731,Flag
U002736,Flag
U002738,Flag
U002739,Normal
U002740,Flag
U002741,Flag
U002743,Normal
U002746,Flag
U002747,Flag
U002749,Flag
U002752,Normal
U002753,Normal
U002754,Flag
U002756,Flag
U002757,Flag
U002758,Flag
U002760,Flag
U002762,Normal
U002763,Flag
U002767,Normal
U002768,Flag
U002769,Flag
U002770,Normal
U002773,Normal
U002774,Normal
U002775,Flag
U002776,Normal
U002779,Flag
U002780,Flag
U002782,Flag
U002783,Flag
U002787,Flag
U002788,Normal
U002789,Flag
U002790,Flag
U002791,Flag
U002793,Flag
U002798,Flag
U002800,Normal
U002803,Flag
U002808,Flag
U002809,Flag
U002811,Flag
U002815,Flag
U002816,Flag
U002820,Flag
U002822,Normal
U002824,Flag
U002826,Flag
U002828,Flag
U002829,Flag
U002830,Flag
U002834,Flag
U002835,Flag
U002836,Flag
U002837,Flag
U002838,Flag
U002841,Flag
U002842,Flag
U002843,Flag
U002845,Flag
U002847,Flag
U002849,Normal
U002850,Normal
U002852,Flag
U002853,Flag
U002854,Normal
U002855,Flag
U002856,Normal
U002858,Flag
U002861,Flag
U002862,Flag
U002863,Flag
U002865,Flag
U002866,Flag
U002867,Flag
U002868,Flag
U002870,Flag
U002871,Flag
U002872,Normal
U002874,Flag
U002875,Flag
U002876,Flag
U002877,Flag
U002878,Normal
U002881,Flag
U002883,Flag
U002884,Flag
U002885,Normal
U002888,Flag
U002890,Flag
U002893,Flag
U002894,Flag
U002895,Flag
U002898,Flag
U002899,Flag
U002900,Flag
U002903,Flag
U002906,Flag
U002910,Flag
U002912,Flag
U002913,Normal
U002915,Flag
U002917,Flag
U002919,Flag
U002920,Flag
U002921,Flag
U002924,Flag
U002925,Flag
U002927,Normal
U002928,Flag
U002930,Normal
U002931,Flag
U002932,Normal
U002934,Flag
U002937,Normal
U002941,Flag
U002947,Normal
U002948,Flag
U002949,Flag
U002950,Flag
U002951,Flag
U002958,Flag
U002959,Flag
U002960,Normal
U002961,Flag
U002962,Flag
U002963,Flag
U002965,Normal
U002966,Normal
U002969,Flag
U002970,Flag
U002972,Flag
U002973,Flag
U002974,Flag
U002977,Flag
U002978,Flag
U002979,Normal
U002980,Normal
U002981,Flag
U002982,Flag
U002983,Flag
U002986,Flag
U002987,Flag
U002991,Flag
U002993,Flag
U002995,Flag
U002996,Flag
U002999,Flag
U003003,Flag
U003004,Flag
U003005,Flag
U003006,Normal
U003007,Flag
U003009,Flag
U003010,Flag
U003012,Flag
U003013,Flag
U003017,Flag
U003018,Flag
U003019,Flag
U003020,Flag
U003022,Normal
U003024,Flag
U003027,Flag
U003032,Normal
U003035,Flag
U003041,Flag
U003042,Flag
U003047,Flag
U003048,Flag
U003051,Flag
U003052,Flag
U003055,Flag
U003057,Normal
U003059,Flag
U003061,Normal
U003066,Flag
U003067,Flag
U003068,Flag
U003072,Normal
U003073,Normal
U003074,Flag
U003075,Flag
U003076,Flag
U003078,Flag
U003079,Flag
U003080,Flag
U003081,Flag
U003082,Flag
U003084,Flag
U003088,Normal
U003089,Normal
U003091,Flag
U003094,Flag
U003095,Normal
U003098,Flag
U003102,Normal
U003103,Flag
U003105,Flag
U003106,Normal
U003109,Flag
U003111,Flag
U003112,Flag
U003113,Flag
U003114,Flag
U003116,Flag
U003117,Flag
U003119,Flag
U003120,Flag
U003121,Flag
U003122,Flag
U003124,Flag
U003125,Flag
U003127,Flag
U003130,Flag
U003133,Normal
U003134,Normal
U003136,Flag
U003137,Normal
U003138,Flag
U003139,Flag
U003140,Flag
U003142,Normal
U003144,Flag
U003145,Flag
U003147,Flag
U003148,Normal
U003149,Flag
U003150,Normal
U003154,Normal
U003156,Normal
U003159,Normal
U003160,Flag
U003161,Normal
U003162,Normal
U003163,Normal
U003165,Flag
U003166,Normal
U003167,Normal
U003170,Flag
U003171,Normal
U003173,Flag
U003174,Flag
U003175,Flag
U003177,Flag
U003178,Flag
U003179,Normal
U003181,Normal
U003182,Flag
U003188,Normal
U003189,Flag
U003190,Flag
U003193,Flag
U003194,Flag
U003195,Flag
U003196,Flag
U003197,Flag
U003198,Flag
U003200,Normal
U003201,Normal
U003204,Normal
U003206,Flag
U003209,Flag
U003210,Flag
U003211,Flag
U003212,Flag
U003213,Normal
U003214,Flag
U003216,Normal
U003217,Flag
U003219,Flag
U003220,Flag
U003221,Flag
U003222,Flag
U003223,Normal
U003224,Normal
U003225,Flag
U003226,Flag
U003227,Flag
U003229,Flag
U003230,Normal
U003234,Flag
U003235,Flag
U003236,Flag
U003237,Normal
U003239,Flag
U003240,Flag
U003241,Flag
U003242,Normal
U003243,Flag
U003244,Flag
U003245,Flag
U003247,Normal
U003252,Flag
U003255,Normal
U003256,Flag
U003257,Normal
U003258,Flag
U003259,Flag
U003260,Flag
U003262,Flag
U003263,Flag
U003265,Flag
U003266,Flag
U003267,Flag
U003268,Normal
U003270,Normal
U003271,Flag
U003273,Flag
U003274,Flag
U003275,Flag
U003276,Normal
U003277,Normal
U003279,Normal
U003286,Flag
U003287,Flag
U003288,Flag
U003289,Flag
U003290,Flag
U003292,Flag
U003296,Flag
U003298,Flag
U003302,Normal
U003303,Normal
U003304,Normal
U003305,Flag
U003307,Flag
U003311,Flag
U003313,Flag
U003314,Flag
U003316,Flag
U003319,Flag
U003320,Normal
U003321,Flag
U003324,Flag
U003329,Normal
U003330,Flag
U003331,Normal
U003334,Flag
U003335,Flag
U003336,Flag
U003339,Flag
U003341,Normal
U003342,Flag
U003343,Normal
U003344,Flag
U003347,Flag
U003348,Flag
U003349,Flag
U003351,Flag
U003356,Normal
U003357,Normal
U003359,Flag
U003360,Normal
U003361,Flag
U003364,Normal
U003365,Flag
U003368,Flag
U003371,Normal
U003373,Flag
U003374,Flag
U003375,Flag
U003377,Normal
U003378,Flag
U003379,Normal
U003380,Flag
U003381,Normal
U003382,Flag
U003383,Flag
U003385,Flag
U003386,Normal
U003387,Normal
U003388,Flag
U003389,Flag
U003391,Flag
U003392,Flag
U003394,Flag
U003395,Flag
U003397,Flag
U003398,Flag
U003399,Flag
U003400,Flag
U003402,Flag
U003404,Flag
U003407,Flag
U003408,Flag
U003409,Flag
U003411,Flag
U003413,Flag
U003414,Flag
U003415,Normal
U003418,Flag
U003422,Flag
U003423,Flag
U003424,Flag
U003425,Flag
U003427,Flag
U003429,Flag
U003430,Flag
U003432,Flag
U003435,Flag
U003437,Flag
U003438,Flag
U003439,Flag
U003441,Flag
U003442,Normal
U003443,Flag
U003445,Flag
U003446,Flag
U003449,Flag
U003451,Flag
U003452,Normal
U003453,Flag
U003454,Flag
U003455,Flag
U003458,Flag
U003459,Flag
U003460,Flag
U003462,Normal
U003463,Flag
U003464,Flag
U003470,Flag
U003471,Flag
U003472,Normal
U003474,Normal
U003476,Flag
U003477,Flag
U003478,Flag
U003479,Flag
U003480,Flag
U003481,Normal
U003482,Normal
U003485,Flag
U003487,Flag
U003488,Flag
U003489,Normal
U003491,Normal
U003494,Flag
U003496,Flag
U003498,Normal
U003499,Flag
U003502,Flag
U003503,Flag
U003505,Flag
U003506,Flag
U003507,Flag
U003509,Flag
U003510,Normal
U003511,Flag
U003512,Flag
U003514,Normal
U003515,Normal
U003516,Normal
U003521,Flag
U003523,Normal
U003526,Flag
U003528,Flag
U003529,Normal
U003530,Flag
U003531,Flag
U003533,Flag
U003534,Normal
U003538,Normal
U003539,Flag
U003542,Flag
U003544,Normal
U003546,Flag
U003547,Flag
U003548,Normal
U003549,Flag
U003550,Flag
U003553,Normal
U003554,Normal
U003555,Flag
U003558,Flag
U003559,Normal
U003560,Normal
U003562,Flag
U003563,Flag
U003564,Normal
U003565,Flag
U003570,Flag
U003571,Flag
U003572,Flag
U003576,Flag
U003577,Flag
U003583,Flag
U003586,Flag
U003587,Flag
U003588,Flag
U003591,Flag
U003593,Normal
U003596,Flag
U003599,Flag
U003601,Flag
U003602,Flag
U003603,Flag
U003604,Normal
U003606,Flag
U003607,Flag
U003608,Normal
U003610,Flag
U003611,Flag
U003612,Flag
U003613,Normal
U003615,Flag
U003618,Normal
U003620,Normal
U003622,Flag
U003623,Flag
U003626,Normal
U003628,Normal
U003629,Flag
U003630,Flag
U003631,Flag
U003632,Flag
U003636,Flag
U003637,Normal
U003638,Flag
U003639,Normal
U003640,Flag
U003643,Flag
U003646,Flag
U003647,Flag
U003648,Flag
U003649,Normal
U003650,Flag
U003651,Flag
U003653,Flag
U003654,Normal
U003655,Flag
U003656,Flag
U003658,Normal
U003659,Flag
U003661,Flag
U003663,Flag
U003664,Flag
U003665,Normal
U003668,Flag
U003669,Flag
U003670,Flag
U003671,Flag
U003674,Flag
U003675,Flag
U003676,Normal
U003677,Flag
U003678,Flag
U003679,Flag
U003681,Flag
U003682,Normal
U003684,Normal
U003686,Flag
U003689,Flag
U003690,Normal
U003691,Flag
U003692,Normal
U003693,Flag
U003694,Normal
U003695,Flag
U003699,Flag
U003701,Normal
U003702,Flag
U003703,Flag
U003704,Flag
U003706,Flag
U003708,Flag
U003709,Normal
U003710,Normal
U003711,Normal
U003712,Flag
U003713,Flag
U003715,Flag
U003716,Flag
U003717,Flag
U003718,Flag
U003719,Normal
U003720,Flag
U003721,Flag
U003724,Flag
U003725,Flag
U003726,Flag
U003728,Flag
U003730,Flag
U003731,Flag
U003734,Flag
U003735,Flag
U003737,Normal
U003738,Normal
U003739,Flag
U003741,Flag
U003744,Flag
U003746,Flag
U003747,Flag
U003748,Flag
U003749,Normal
U003751,Normal
U003752,Normal
U003755,Normal
U003756,Normal
U003757,Flag
U003759,Flag
U003760,Flag
U003763,Flag
U003764,Normal
U003765,Flag
U003766,Flag
U003768,Flag
U003770,Flag
U003773,Flag
U003775,Normal
U003778,Flag
U003779,Flag
U003780,Flag
U003781,Normal
U003782,Flag
U003784,Flag
U003786,Flag
U003787,Flag
U003790,Flag
U003791,Normal
U003792,Flag
U003795,Flag
U003796,Flag
U003799,Normal
U003801,Flag
U003805,Flag
U003806,Flag
U003809,Flag
U003810,Flag
U003811,Flag
U003812,Normal
U003817,Flag
U003819,Normal
U003820,Flag
U003821,Flag
U003826,Flag
U003827,Flag
U003828,Flag
U003830,Flag
U003831,Normal
U003832,Flag
U003834,Normal
U003836,Normal
U003838,Flag
U003839,Flag
U003840,Flag
U003843,Normal
U003846,Flag
U003849,Normal
U003850,Flag
U003852,Flag
U003853,Flag
U003854,Flag
U003857,Flag
U003858,Flag
U003860,Normal
U003862,Flag
U003865,Flag
U003867,Flag
U003868,Flag
U003869,Flag
U003871,Flag
U003873,Flag
U003874,Flag
U003877,Flag
U003878,Flag
U003879,Flag
U003880,Normal
U003881,Flag
U003882,Flag
U003883,Flag
U003884,Normal
U003885,Flag
U003886,Flag
U003887,Normal
U003888,Flag
U003889,Flag
U003890,Flag
U003892,Flag
U003893,Flag
U003899,Normal
U003900,Flag
U003901,Flag
U003904,Flag
U003905,Flag
U003906,Flag
U003907,Flag
U003908,Flag
U003909,Flag
U003910,Normal
U003911,Flag
U003912,Flag
U003914,Flag
U003917,Flag
U003920,Flag
U003921,Flag
U003923,Flag
U003924,Flag
U003928,Flag
U003930,Normal
U003931,Flag
U003932,Flag
U003933,Flag
U003934,Flag
U003939,Normal
U003941,Flag
U003944,Flag
U003945,Flag
U003946,Flag
U003948,Flag
U003949,Normal
U003950,Flag
U003951,Flag
U003952,Normal
U003954,Flag
U003957,Flag
U003958,Flag
U003966,Flag
U003967,Flag
U003968,Flag
U003971,Flag
U003972,Flag
U003973,Normal
U003975,Flag
U003980,Flag
U003981,Flag
U003986,Flag
U003987,Normal
U003988,Normal
U003991,Flag
U003995,Normal
U003996,Flag
U003998,Flag
U003999,Normal
U004000,Flag
U004002,Flag
U004008,Flag
U004009,Flag
U004013,Flag
U004014,Normal
U004015,Flag
U004017,Flag
U004023,Flag
U004028,Normal
U004029,Flag
U004030,Flag
U004031,Flag
U004032,Flag
U004033,Flag
U004038,Normal
U004042,Flag
U004043,Flag
U004044,Flag
U004045,Flag
U004049,Normal
U004050,Normal
U004051,Flag
U004053,Flag
U004055,Flag
U004056,Flag
U004058,Flag
U004061,Flag
U004062,Flag
U004066,Normal
U004069,Normal
U004070,Flag
U004071,Normal
U004073,Normal
U004074,Flag
U004078,Normal
U004082,Flag
U004083,Flag
U004084,Normal
U004085,Flag
U004086,Normal
U004087,Normal
U004091,Flag
U004092,Flag
U004095,Normal
U004096,Normal
U004097,Normal
U004099,Normal
U004102,Flag
U004105,Flag
U004108,Flag
U004111,Flag
U004112,Flag
U004114,Flag
U004115,Flag
U004117,Normal
U004118,Flag
U004119,Flag
U004121,Flag
U004124,Flag
U004125,Flag
U004129,Flag
U004130,Flag
U004131,Normal
U004134,Flag
U004136,Flag
U004137,Normal
U004138,Flag
U004139,Flag
U004140,Flag
U004141,Flag
U004143,Flag
U004144,Flag
U004145,Flag
U004146,Normal
U004150,Flag
U004152,Flag
U004155,Normal
U004157,Normal
U004159,Flag
U004160,Flag
U004161,Normal
U004162,Flag
U004163,Flag
U004164,Flag
U004169,Normal
U004172,Normal
U004177,Normal
U004180,Normal
U004181,Flag
U004182,Flag
U004190,Normal
U004193,Flag
U004195,Flag
U004199,Flag
U004201,Flag
U004202,Flag
U004203,Flag
U004204,Flag
U004206,Flag
U004210,Flag
U004211,Flag
U004213,Flag
U004214,Flag
U004215,Normal
U004216,Normal
U004219,Normal
U004221,Flag
U004223,Normal
U004225,Flag
U004226,Flag
U004228,Flag
U004232,Normal
U004234,Flag
U004236,Flag
U004237,Flag
U004238,Flag
U004239,Flag
U004242,Flag
U004243,Flag
U004244,Flag
U004246,Normal
U004247,Normal
U004248,Flag
U004251,Flag
U004253,Flag
U004254,Normal
U004255,Flag
U004256,Flag
U004259,Flag
U004261,Flag
U004262,Normal
U004263,Flag
U004265,Flag
U004266,Normal
U004267,Flag
U004268,Flag
U004269,Flag
U004270,Normal
U004272,Flag
U004273,Normal
U004275,Flag
U004277,Flag
U004279,Normal
U004281,Normal
U004282,Flag
U004285,Normal
U004288,Normal
U004289,Flag
U004290,Flag
U004291,Normal
U004292,Flag
U004294,Normal
U004295,Flag
U004296,Flag
U004297,Normal
U004298,Flag
U004306,Normal
U004308,Flag
U004310,Normal
U004311,Flag
U004313,Flag
U004314,Flag
U004315,Flag
U004316,Flag
U004317,Flag
U004318,Flag
U004319,Normal
U004321,Flag
U004322,Normal
U004323,Flag
U004324,Flag
U004325,Flag
U004326,Flag
U004327,Normal
U004331,Flag
U004332,Flag
U004334,Flag
U004335,Flag
U004336,Flag
U004338,Flag
U004343,Normal
U004344,Flag
U004345,Flag
U004346,Normal
U004347,Normal
U004348,Flag
U004351,Flag
U004358,Flag
U004360,Normal
U004363,Normal
U004365,Flag
U004366,Flag
U004367,Flag
U004368,Flag
U004370,Flag
U004371,Normal
U004373,Flag
U004374,Flag
U004375,Flag
U004377,Normal
U004378,Flag
U004379,Flag
U004380,Flag
U004381,Normal
U004383,Flag
U004387,Normal
U004389,Flag
U004390,Normal
U004391,Flag
U004392,Flag
U004393,Flag
U004397,Flag
U004398,Flag
U004399,Normal
U004400,Flag
U004403,Flag
U004405,Flag
U004410,Flag
U004415,Flag
U004416,Normal
U004417,Flag
U004418,Flag
U004419,Flag
U004420,Flag
U004421,Flag
U004423,Flag
U004424,Flag
U004427,Flag
U004428,Normal
U004430,Flag
U004431,Flag
U004433,Normal
U004436,Flag
U004438,Flag
U004439,Flag
U004442,Normal
U004443,Flag
U004444,Normal
U004445,Flag
U004446,Flag
U004447,Normal
U004449,Flag
U004451,Normal
U004454,Flag
U004456,Normal
U004457,Normal
U004460,Flag
U004463,Flag
U004464,Flag
U004466,Normal
U004468,Normal
U004469,Flag
U004470,Flag
U004471,Flag
U004474,Flag
U004475,Flag
U004476,Flag
U004477,Flag
U004479,Flag
U004481,Normal
U004482,Normal
U004483,Flag
U004485,Flag
U004487,Flag
U004492,Normal
U004494,Normal
U004495,Flag
U004498,Flag
U004501,Flag
U004502,Flag
U004504,Normal
U004505,Normal
U004511,Flag
U004513,Flag
U004516,Flag
U004517,Normal
U004518,Normal
U004519,Flag
U004520,Flag
U004522,Flag
U004525,Flag
U004526,Normal
U004528,Flag
U004529,Flag
U004530,Flag
U004531,Flag
U004533,Normal
U004534,Normal
U004538,Normal
U004541,Flag
U004543,Flag
U004545,Normal
U004547,Flag
U004549,Flag
U004550,Flag
U004551,Flag
U004553,Flag
U004555,Flag
U004558,Normal
U004562,Flag
U004563,Flag
U004566,Flag
U004567,Flag
U004569,Flag
U004571,Normal
U004572,Flag
U004573,Flag
U004575,Flag
U004576,Flag
U004581,Flag
U004583,Normal
U004591,Flag
U004592,Normal
U004593,Flag
U004594,Normal
U004595,Flag
U004596,Flag
U004597,Flag
U004598,Flag
U004599,Flag
U004600,Flag
U004601,Normal
U004602,Normal
U004606,Flag
U004607,Normal
U004609,Normal
U004613,Flag
U004614,Flag
U004617,Normal
U004618,Flag
U004619,Flag
U004622,Flag
U004623,Flag
U004625,Flag
U004626,Normal
U004627,Flag
U004629,Flag
U004633,Flag
U004635,Flag
U004637,Flag
U004638,Flag
U004640,Normal
U004642,Flag
U004643,Flag
U004644,Flag
U004646,Flag
U004647,Flag
U004653,Normal
U004655,Flag
U004659,Normal
U004661,Flag
U004662,Flag
U004663,Flag
U004664,Normal
U004668,Flag
U004669,Flag
U004670,Flag
U004671,Flag
U004672,Normal
U004674,Flag
U004676,Flag
U004677,Flag
U004679,Normal
U004683,Flag
U004684,Flag
U004685,Normal
U004686,Flag
U004687,Flag
U004691,Flag
U004692,Flag
U004693,Normal
U004696,Normal
U004697,Normal
U004698,Flag
U004700,Flag
U004701,Normal
U004706,Flag
U004707,Normal
U004708,Normal
U004709,Flag
U004712,Flag
U004713,Flag
U004716,Flag
U004717,Flag
U004719,Flag
U004720,Flag
U004729,Flag
U004731,Flag
U004732,Flag
U004734,Normal
U004735,Flag
U004736,Flag
U004737,Flag
U004738,Flag
U004742,Flag
U004743,Flag
U004746,Flag
U004749,Flag
U004751,Flag
U004752,Flag
U004755,Normal
U004756,Flag
U004757,Normal
U004759,Flag
U004760,Flag
U004761,Flag
U004764,Normal
U004765,Flag
U004767,Flag
U004769,Flag
U004770,Normal
U004771,Flag
U004772,Flag
U004773,Flag
U004774,Flag
U004779,Flag
U004783,Normal
U004785,Flag
U004787,Flag
U004788,Normal
U004790,Flag
U004792,Flag
U004793,Normal
U004794,Flag
U004799,Normal
U004801,Normal
U004802,Normal
U004804,Flag
U004805,Normal
U004806,Flag
U004807,Flag
U004810,Flag
U004813,Normal
U004814,Flag
U004816,Normal
U004817,Flag
U004818,Flag
U004821,Flag
U004824,Normal
U004827,Flag
U004830,Flag
U004831,Flag
U004833,Flag
U004836,Flag
U004841,Normal
U004842,Flag
U004843,Flag
U004849,Flag
U004852,Normal
U004853,Flag
U004854,Normal
U004855,Normal
U004856,Flag
U004858,Flag
U004860,Flag
U004861,Flag
U004863,Flag
U004864,Normal
U004866,Flag
U004867,Flag
U004871,Normal
U004872,Flag
U004873,Flag
U004876,Flag
U004880,Normal
U004881,Flag
U004882,Flag
U004883,Flag
U004886,Normal
U004887,Normal
U004888,Normal
U004891,Normal
U004892,Normal
U004894,Flag
U004900,Flag
U004903,Flag
U004904,Flag
U004906,Flag
U004908,Normal
U004910,Normal
U004912,Flag
U004917,Normal
U004918,Flag
U004921,Flag
U004923,Flag
U004924,Normal
U004926,Flag
U004927,Flag
U004928,Flag
U004937,Flag
U004941,Flag
U004942,Flag
U004943,Normal
U004945,Flag
U004947,Normal
U004948,Normal
U004949,Flag
U004950,Flag
U004951,Normal
U004953,Flag
U004957,Flag
U004959,Normal
U004961,Flag
U004962,Flag
U004964,Flag
U004968,Flag
U004969,Flag
U004972,Normal
U004973,Flag
U004975,Flag
U004977,Normal
U004978,Flag
U004979,Flag
U004980,Flag
U004982,Flag
U004984,Flag
U004985,Flag
U004986,Flag
U004987,Flag
U004988,Flag
U004989,Flag
U004990,Flag
U004992,Flag
U004993,Flag
U004996,Flag
U004997,Flag
U004999,Flag
U005001,Flag
U005002,Flag
U005007,Flag
U005014,Flag
U005016,Flag
U005020,Normal
U005021,Flag
U005022,Flag
U005023,Flag
U005025,Flag
U005026,Flag
U005032,Flag
U005033,Flag
U005038,Normal
U005039,Flag
U005042,Flag
U005045,Flag
U005046,Flag
U005049,Flag
U005050,Normal
U005052,Flag
U005053,Flag
U005058,Flag
U005059,Flag
U005060,Flag
U005062,Flag
U005063,Normal
U005065,Flag
U005067,Flag
U005071,Flag
U005072,Flag
U005073,Flag
U005079,Flag
U005082,Flag
U005084,Normal
U005085,Flag
U005086,Flag
U005087,Flag
U005088,Flag
U005092,Flag
U005093,Flag
U005095,Flag
U005096,Flag
U005099,Flag
U005100,Flag
U005101,Flag
U005103,Flag
U005105,Flag
U005106,Normal
U005107,Flag
U005109,Flag
U005111,Flag
U005115,Flag
U005117,Flag
U005119,Flag
U005123,Flag
U005124,Flag
U005125,Flag
U005127,Normal
U005128,Flag
U005132,Flag
U005135,Flag
U005136,Flag
U005139,Normal
U005142,Normal
U005143,Flag
U005146,Flag
U005148,Normal
U005150,Flag
U005151,Flag
U005152,Flag
U005153,Flag
U005154,Flag
U005155,Normal
U005156,Flag
U005157,Flag
U005158,Flag
U005160,Flag
U005161,Flag
U005164,Flag
U005170,Flag
U005171,Flag
U005173,Flag
U005174,Flag
U005176,Flag
U005177,Flag
U005178,Flag
U005180,Flag
U005181,Normal
U005183,Flag
U005185,Flag
U005187,Flag
U005189,Flag
U005190,Flag
U005191,Flag
U005193,Flag
U005195,Flag
U005196,Flag
U005197,Normal
U005201,Flag
U005203,Flag
U005206,Flag
U005207,Flag
U005210,Flag
U005214,Flag
U005217,Flag
U005218,Flag
U005220,Normal
U005221,Flag
U005225,Normal
U005226,Flag
U005227,Flag
U005229,Flag
U005230,Flag
U005232,Flag
U005234,Normal
U005237,Normal
U005241,Flag
U005242,Flag
U005244,Flag
U005247,Normal
U005249,Flag
U005250,Normal
U005255,Flag
U005256,Flag
U005257,Flag
U005259,Flag
U005260,Normal
U005265,Flag
U005267,Flag
U005268,Normal
U005269,Flag
U005271,Flag
U005272,Flag
U005274,Normal
U005276,Flag
U005277,Flag
U005278,Normal
U005279,Flag
U005280,Flag
U005281,Flag
U005284,Flag
U005285,Normal
U005287,Flag
U005289,Normal
U005291,Normal
U005292,Flag
U005295,Normal
U005296,Flag
U005297,Normal
U005300,Flag
U005304,Flag
U005305,Flag
U005306,Flag
U005308,Flag
U005310,Normal
U005311,Flag
U005313,Flag
U005314,Flag
U005317,Flag
U005318,Flag
U005319,Flag
U005320,Flag
U005321,Flag
U005322,Flag
U005323,Flag
U005324,Flag
U005325,Flag
U005329,Flag
U005332,Flag
U005334,Normal
U005335,Flag
U005338,Flag
U005341,Flag
U005342,Flag
U005343,Normal
U005346,Flag
U005348,Flag
U005350,Flag
U005352,Flag
U005353,Flag
U005358,Flag
U005359,Normal
U005362,Flag
U005365,Normal
U005366,Flag
U005369,Flag
U005370,Flag
U005373,Flag
U005375,Flag
U005376,Flag
U005378,Flag
U005380,Flag
U005381,Flag
U005385,Flag
U005386,Flag
U005391,Flag
U005394,Flag
U005397,Flag
U005400,Normal
U005401,Flag
U005403,Normal
U005404,Flag
U005406,Flag
U005408,Normal
U005409,Normal
U005410,Normal
U005411,Flag
U005412,Flag
U005413,Normal
U005415,Flag
U005417,Normal
U005420,Flag
U005421,Flag
U005423,Normal
U005424,Normal
U005425,Flag
U005426,Normal
U005428,Flag
U005429,Flag
U005431,Flag
U005437,Flag
U005441,Flag
U005443,Flag
U005445,Flag
U005446,Normal
U005452,Flag
U005488,Flag
U005491,Flag
U005502,Flag
U005507,Flag
U005524,Flag
U005535,Flag
U005549,Normal
U005557,Normal
U005564,Normal
U005565,Flag
U005567,Flag
U005568,Normal
U005584,Normal
U005587,Normal
U005590,Flag
U005596,Normal
U005610,Flag
U005618,Flag
U005641,Flag
U005659,Flag
U005672,Flag
U005680,Flag
U005682,Flag
U005686,Flag
U005687,Flag
U005697,Flag
U005698,Flag
U005702,Flag
U005708,Normal
U005713,Normal
U005727,Flag
U005739,Flag
U005744,Normal
U005757,Flag
U005760,Flag
U005765,Flag
U005769,Normal
U005788,Flag
U005809,Flag
U005810,Normal
U005816,Flag
U005820,Flag
U005824,Flag
U005827,Flag
U005828,Flag
U005838,Flag
U005841,Normal
U005848,Normal
U005850,Normal
U005853,Flag
U005854,Flag
U005872,Flag
U005877,Normal
U005878,Flag
U005879,Flag
U005885,Normal
U005896,Normal
U005899,Flag
U005903,Normal
U005906,Flag
U005914,Flag
U005915,Normal
U005922,Normal
U005923,Flag
U005928,Flag
U005933,Normal
U005955,Flag
U005966,Flag
U005968,Flag
U005986,Normal
U005987,Flag
U005993,Flag
U005999,Normal
U006009,Flag
U006017,Flag
U006026,Flag
U006028,Flag
U006043,Flag
U006044,Flag
U006047,Normal
U006055,Flag
U006062,Normal
U006064,Flag
U006075,Flag
U006079,Flag
U006081,Flag
U006090,Flag
U006096,Flag
U006099,Flag
U006101,Flag
U006104,Normal
U006119,Normal
U006124,Flag
U006139,Normal
U006147,Flag
U006155,Flag
U006167,Flag
U006168,Flag
U006171,Flag
U006173,Flag
U006174,Normal
U006181,Flag
U006186,Flag
U006200,Flag
U006203,Normal
U006205,Flag
U006210,Flag
U006214,Normal
U006225,Flag
U006226,Normal
U006228,Normal
U006235,Flag
U006241,Flag
U006242,Flag
U006244,Normal
U006247,Flag
U006252,Flag
U006256,Flag
U006257,Flag
U006273,Normal
U006294,Flag
U006304,Flag
U006318,Flag
U006319,Flag
U006341,Flag
U006345,Flag
U006353,Flag
U006362,Flag
U006368,Normal
U006374,Flag
U006375,Normal
U006381,Flag
U006389,Flag
U006397,Normal
U006401,Flag
U006406,Flag
U006409,Flag
U006412,Normal
U006417,Flag
U006420,Flag
U006423,Normal
U006429,Flag
U006441,Flag
U006442,Flag
U006446,Flag
U006450,Normal
U006458,Flag
U006464,Flag
U006469,Flag
U006473,Normal
U006474,Flag
U006498,Normal
U006512,Flag
U006518,Flag
U006523,Flag
U006527,Flag
U006531,Flag
U006539,Flag
U006544,Normal
U006549,Flag
U006564,Flag
U006565,Flag
U006567,Flag
U006569,Flag
U006582,Normal
U006585,Normal
U006586,Flag
U006590,Flag
U006591,Flag
U006614,Normal
U006621,Flag
U006622,Flag
U006628,Normal
U006629,Flag
U006633,Normal
U006635,Flag
U006645,Flag
U006647,Flag
U006651,Flag
U006652,Normal
U006654,Normal
U006659,Flag
U006663,Flag
U006664,Normal
U006672,Flag
U006674,Flag
U006685,Flag
U006686,Flag
U006689,Normal
U006697,Flag
U006698,Flag
U006699,Flag
U006704,Flag
U006707,Normal
U006708,Flag
U006739,Flag
U006740,Normal
U006759,Normal
U006763,Flag
U006766,Flag
U006781,Flag
U006782,Flag
U006789,Normal
U006790,Flag
U006800,Normal
U006801,Flag
U006802,Flag
U006806,Normal
U006809,Normal
U006819,Flag
U006844,Flag
U006846,Normal
U006857,Flag
U006858,Normal
U006866,Normal
U006871,Flag
U006873,Normal
U006884,Flag
U006885,Flag
U006891,Flag
U006901,Flag
U006911,Flag
U006920,Flag
U006927,Flag
U006947,Flag
U006949,Flag
U006955,Flag
U006962,Flag
U006964,Flag
U006976,Flag
U006980,Normal
U006987,Flag
U007019,Flag
U007042,Flag
U007047,Normal
U007053,Normal
U007057,Flag
U007067,Flag
U007074,Normal
U007079,Normal
U007085,Flag
U007097,Flag
U007102,Flag
U007112,Normal
U007117,Flag
U007127,Flag
U007128,Flag
U007131,Normal
U007143,Flag
U007164,Flag
U007192,Flag
U007216,Flag
U007226,Normal
U007230,Flag
U007237,Normal
U007242,Flag
U007246,Normal
U007266,Flag
U007278,Normal
U007288,Flag
U007291,Flag
U007299,Normal
U007310,Flag
U007312,Flag
U007319,Flag
U007327,Flag
U007328,Flag
U007346,Flag
U007357,Flag
U007361,Normal
U007368,Flag
U007379,Normal
U007387,Flag
U007396,Flag
U007402,Flag
U007411,Flag
U007426,Flag
U007428,Flag
U007434,Normal
U007443,Flag
U007472,Flag
U007474,Flag
U007480,Flag
U007482,Normal
U007483,Flag
U007484,Normal
U007489,Normal
U007493,Flag
U007497,Flag
U007516,Flag
U007525,Flag
U007529,Normal
U007553,Flag
U007558,Normal
U007567,Flag
U007592,Normal
U007597,Normal
U007598,Normal
U007607,Flag
U007610,Flag
U007617,Flag
U007619,Flag
U007623,Normal
U007633,Flag
U007637,Flag
U007639,Flag
U007644,Normal
U007649,Normal
U007656,Normal
U007682,Flag
U007691,Flag
U007702,Flag
U007714,Flag
U007729,Normal
U007730,Flag
U007731,Flag
U007738,Flag
U007748,Flag
U007756,Flag
U007785,Flag
U007787,Flag
U007794,Flag
U007805,Flag
U007815,Flag
U007827,Flag
U007834,Flag
U007835,Flag
U007852,Flag
U007860,Flag
U007867,Flag
U007868,Flag
U007870,Flag
U007871,Flag
U007876,Flag
U007880,Flag
U007897,Flag
U007906,Flag
U007912,Flag
U007926,Flag
U007927,Flag
U007947,Flag
U007972,Flag
U007978,Flag
U007982,Flag
U007985,Normal
U007989,Normal
U007994,Normal
U008003,Flag
U008006,Flag
U008019,Flag
U008025,Flag
U008029,Flag
U008030,Flag
U008058,Flag
U008061,Flag
U008068,Flag
U008090,Normal
U008110,Normal
U008121,Normal
U008137,Flag
U008140,Flag
U008151,Flag
U008156,Flag
U008160,Flag
U008162,Flag
U008163,Flag
U008182,Flag
U008184,Flag
U008192,Flag
U008195,Normal
U008205,Normal
U008206,Flag
U008207,Flag
U008214,Flag
U008215,Flag
U008218,Normal
U008223,Normal
U008235,Normal
U008239,Flag
U008289,Normal
U008311,Flag
U008320,Flag
U008326,Normal
U008328,Flag
U008329,Normal
U008331,Flag
U008342,Normal
U008343,Flag
U008344,Flag
U008346,Normal
U008361,Normal
U008366,Flag
U008380,Flag
U008406,Flag
U008411,Flag
U008433,Flag
U008454,Flag
U008456,Flag
U008465,Flag
U008467,Flag
U008471,Flag
U008476,Flag
U008483,Normal
U008487,Flag
U008488,Flag
U008489,Flag
U008492,Normal
U008498,Flag
U008501,Flag
U008504,Normal
U008511,Flag
U008520,Flag
U008528,Normal
U008530,Flag
U008531,Flag
U008539,Flag
U008552,Flag
U008571,Normal
U008585,Normal
U008590,Flag
U008599,Flag
U008604,Flag
U008615,Flag
U008616,Normal
U008621,Flag
U008633,Flag
U008636,Flag
U008637,Normal
U008643,Normal
U008645,Normal
U008652,Flag
U008659,Normal
U008669,Flag
U008679,Normal
U008683,Flag
U008694,Flag
U008710,Flag
U008720,Flag
U008723,Flag
U008733,Flag
U008740,Normal
U008741,Flag
U008751,Flag
U008765,Normal
U008768,Normal
U008770,Normal
U008774,Flag
U008777,Flag
U008785,Normal
U008786,Flag
U008788,Flag
U008800,Flag
U008826,Flag
U008830,Normal
U008843,Flag
U008848,Flag
U008854,Normal
U008864,Flag
U008868,Flag
U008872,Flag
U008882,Flag
U008890,Flag
U008894,Flag
U008897,Normal
U008906,Flag
U008908,Flag
U008913,Flag
U008915,Flag
U008916,Flag
U008925,Flag
U008930,Flag
U008936,Flag
U008953,Flag
U008986,Flag
U008991,Flag
U008992,Flag
U009001,Flag
U009005,Normal
U009007,Flag
U009010,Flag
U009018,Normal
U009025,Normal
U009030,Flag
U009047,Flag
U009059,Flag
U009069,Flag
U009073,Flag
U009077,Flag
U009079,Normal
U009081,Normal
U009084,Flag
U009089,Flag
U009095,Normal
U009149,Normal
U009158,Flag
U009176,Flag
U009184,Normal
U009192,Flag
U009196,Normal
U009203,Flag
U009204,Normal
U009216,Flag
U009219,Flag
U009229,Flag
U009254,Flag
U009260,Flag
U009262,Flag
U009266,Flag
U009270,Flag
U009278,Flag
U009281,Normal
U009294,Flag
U009298,Flag
U009315,Normal
U009323,Flag
U009330,Normal
U009332,Flag
U009333,Flag
U009336,Normal
U009352,Normal
U009358,Normal
U009371,Flag
U009372,Flag
U009400,Flag
U009403,Normal
U009411,Flag
U009425,Flag
U009428,Flag
U009435,Normal
U009436,Flag
U009437,Flag
U009454,Normal
U009459,Flag
U009461,Flag
U009465,Flag
U009467,Flag
U009474,Flag
U009479,Flag
U009480,Flag
U009485,Flag
U009501,Flag
U009505,Normal
U009520,Normal
U009528,Normal
U009531,Flag
U009545,Flag
U009549,Flag
U009550,Flag
U009552,Flag
U009554,Normal
U009555,Flag
U009564,Flag
U009586,Normal
U009589,Normal
U009592,Flag
U009620,Flag
U009625,Flag
U009651,Flag
U009670,Normal
U009675,Normal
U009676,Flag
U009681,Flag
U009684,Normal
U009691,Flag
U009693,Normal
U009705,Flag
U009711,Flag
U009719,Flag
U009720,Normal
U009722,Normal
U009727,Normal
U009730,Flag
U009737,Flag
U009738,Normal
U009744,Flag
U009746,Flag
U009754,Flag
U009758,Flag
U009760,Flag
U009766,Normal
U009772,Flag
U009774,Normal
U009777,Flag
U009782,Normal
U009785,Flag
U009786,Flag
U009789,Flag
U009799,Flag
U009806,Flag
U009807,Flag
U009818,Flag
U009822,Flag
U009831,Normal
U009837,Normal
U009840,Flag
U009842,Flag
U009845,Flag
U009850,Flag
U009857,Flag
U009862,Flag
U009863,Normal
U009873,Flag
U009894,Flag
U009896,Flag
U009903,Flag
U009904,Flag
U009906,Flag
U009914,Flag
U009921,Normal
U009926,Normal
U009934,Flag
U009940,Flag
U009944,Normal
U009946,Normal
U009948,Flag
U009949,Normal
U009950,Normal
U009954,Flag
U009967,Flag
U009985,Flag
U005435,Flag
U005439,Flag
U005455,Flag
U005466,Flag
U005473,Flag
U005486,Flag
U005489,Normal
U005496,Flag
U005500,Flag
U005505,Flag
U005513,Normal
U005528,Flag
U005531,Flag
U005536,Flag
U005538,Flag
U005553,Flag
U005554,Flag
U005560,Flag
U005570,Normal
U005576,Flag
U005585,Flag
U005599,Flag
U005600,Flag
U005601,Flag
U005602,Flag
U005603,Flag
U005606,Flag
U005632,Flag
U005636,Flag
U005638,Normal
U005652,Flag
U005657,Flag
U005667,Flag
U005678,Flag
U005692,Flag
U005696,Normal
U005704,Flag
U005706,Flag
U005710,Flag
U005725,Normal
U005729,Flag
U005731,Flag
U005732,Normal
U005733,Flag
U005735,Normal
U005746,Flag
U005748,Flag
U005774,Normal
U005776,Flag
U005778,Flag
U005782,Flag
U005796,Normal
U005806,Flag
U005815,Flag
U005821,Flag
U005830,Normal
U005837,Flag
U005844,Normal
U005856,Flag
U005868,Flag
U005871,Flag
U005888,Normal
U005894,Normal
U005929,Flag
U005956,Flag
U005965,Flag
U005973,Flag
U005975,Flag
U005982,Normal
U005989,Normal
U005992,Normal
U005996,Normal
U006000,Flag
U006006,Flag
U006011,Flag
U006020,Normal
U006022,Flag
U006027,Normal
U006030,Normal
U006034,Flag
U006037,Normal
U006038,Flag
U006048,Flag
U006052,Flag
U006058,Flag
U006080,Flag
U006082,Normal
U006083,Flag
U006086,Flag
U006089,Flag
U006092,Normal
U006105,Flag
U006106,Normal
U006117,Flag
U006125,Flag
U006127,Flag
U006129,Normal
U006130,Normal
U006135,Normal
U006149,Flag
U006150,Flag
U006152,Flag
U006154,Normal
U006157,Normal
U006162,Flag
U006165,Flag
U006180,Flag
U006193,Flag
U006196,Flag
U006197,Normal
U006206,Flag
U006218,Flag
U006222,Flag
U006229,Flag
U006230,Flag
U006234,Normal
U006237,Normal
U006249,Flag
U006263,Normal
U006265,Normal
U006270,Flag
U006272,Flag
U006277,Normal
U006280,Flag
U006285,Normal
U006296,Flag
U006298,Flag
U006299,Flag
U006302,Flag
U006308,Normal
U006309,Flag
U006310,Flag
U006312,Normal
U006313,Flag
U006322,Flag
U006323,Flag
U006328,Flag
U006358,Flag
U006361,Normal
U006363,Flag
U006380,Flag
U006391,Normal
U006405,Flag
U006415,Flag
U006416,Flag
U006433,Flag
U006448,Flag
U006449,Flag
U006454,Flag
U006456,Flag
U006457,Flag
U006480,Flag
U006489,Flag
U006490,Flag
U006503,Flag
U006504,Flag
U006507,Normal
U006508,Normal
U006511,Flag
U006513,Flag
U006516,Normal
U006517,Normal
U006519,Flag
U006525,Normal
U006532,Flag
U006538,Flag
U006548,Flag
U006551,Flag
U006553,Normal
U006555,Flag
U006557,Flag
U006559,Flag
U006560,Normal
U006575,Flag
U006576,Normal
U006578,Flag
U006581,Flag
U006583,Flag
U006589,Flag
U006601,Flag
U006604,Normal
U006605,Normal
U006608,Normal
U006611,Flag
U006618,Flag
U006627,Flag
U006631,Flag
U006643,Flag
U006650,Normal
U006661,Flag
U006667,Normal
U006668,Normal
U006671,Flag
U006676,Flag
U006682,Flag
U006691,Flag
U006692,Flag
U006695,Normal
U006711,Flag
U006718,Flag
U006720,Flag
U006729,Flag
U006734,Flag
U006741,Normal
U006744,Flag
U006748,Normal
U006750,Flag
U006760,Normal
U006779,Flag
U006783,Flag
U006787,Flag
U006817,Flag
U006825,Flag
U006830,Flag
U006835,Flag
U006836,Flag
U006862,Flag
U006868,Flag
U006908,Normal
U006921,Flag
U006924,Normal
U006928,Flag
U006930,Flag
U006935,Flag
U006940,Flag
U006950,Normal
U006954,Normal
U006960,Flag
U006967,Normal
U006978,Flag
U006988,Flag
U006993,Flag
U006995,Flag
U006997,Normal
U006999,Flag
U007005,Flag
U007013,Flag
U007016,Flag
U007022,Normal
U007061,Flag
U007063,Normal
U007064,Flag
U007068,Flag
U007089,Flag
U007100,Normal
U007106,Normal
U007111,Flag
U007160,Flag
U007166,Flag
U007167,Flag
U007170,Normal
U007174,Normal
U007206,Flag
U007221,Flag
U007222,Flag
U007229,Flag
U007239,Flag
U007253,Normal
U007254,Flag
U007262,Flag
U007265,Normal
U007269,Flag
U007274,Normal
U007276,Flag
U007281,Normal
U007282,Flag
U007289,Normal
U007298,Normal
U007302,Flag
U007304,Flag
U007306,Flag
U007308,Normal
U007314,Flag
U007315,Flag
U007316,Flag
U007324,Flag
U007340,Flag
U007351,Flag
U007380,Flag
U007388,Normal
U007390,Normal
U007393,Normal
U007394,Flag
U007431,Flag
U007432,Flag
U007438,Flag
U007452,Flag
U007456,Flag
U007458,Flag
U007467,Normal
U007479,Flag
U007488,Normal
U007502,Flag
U007506,Flag
U007513,Normal
U007517,Flag
U007528,Normal
U007541,Flag
U007550,Flag
U007557,Normal
U007566,Flag
U007571,Normal
U007579,Normal
U007580,Flag
U007581,Normal
U007586,Normal
U007587,Flag
U007594,Normal
U007596,Flag
U007602,Flag
U007605,Flag
U007608,Normal
U007611,Flag
U007613,Flag
U007620,Flag
U007625,Flag
U007626,Flag
U007627,Flag
U007638,Flag
U007651,Flag
U007665,Flag
U007670,Flag
U007701,Flag
U007704,Flag
U007741,Flag
U007743,Flag
U007746,Normal
U007755,Flag
U007759,Flag
U007768,Flag
U007772,Normal
U007780,Normal
U007783,Normal
U007791,Flag
U007792,Flag
U007811,Normal
U007813,Normal
U007829,Flag
U007838,Normal
U007858,Flag
U007864,Flag
U007875,Normal
U007881,Flag
U007888,Flag
U007889,Flag
U007890,Flag
U007899,Flag
U007901,Flag
U007905,Normal
U007913,Flag
U007918,Normal
U007928,Flag
U007930,Flag
U007933,Normal
U007940,Flag
U007944,Flag
U007953,Flag
U007961,Flag
U007971,Flag
U007987,Flag
U007988,Flag
U007996,Normal
U008012,Flag
U008033,Flag
U008036,Normal
U008044,Flag
U008046,Flag
U008048,Normal
U008071,Flag
U008073,Flag
U008080,Flag
U008084,Flag
U008095,Flag
U008097,Flag
U008119,Flag
U008120,Normal
U008126,Flag
U008130,Normal
U008136,Flag
U008139,Normal
U008142,Normal
U008143,Normal
U008146,Flag
U008148,Flag
U008169,Flag
U008174,Flag
U008178,Normal
U008185,Flag
U008229,Flag
U008231,Flag
U008256,Flag
U008259,Flag
U008265,Normal
U008276,Flag
U008282,Normal
U008287,Flag
U008300,Flag
U008303,Normal
U008313,Flag
U008314,Flag
U008324,Normal
U008330,Normal
U008332,Normal
U008355,Flag
U008357,Flag
U008362,Normal
U008365,Flag
U008373,Flag
U008379,Normal
U008395,Normal
U008408,Normal
U008417,Normal
U008420,Flag
U008435,Normal
U008452,Flag
U008463,Normal
U008464,Flag
U008468,Flag
U008478,Flag
U008481,Flag
U008485,Flag
U008491,Flag
U008494,Flag
U008529,Flag
U008537,Normal
U008538,Normal
U008548,Normal
U008549,Normal
U008550,Flag
U008559,Flag
U008570,Flag
U008573,Flag
U008574,Flag
U008577,Flag
U008610,Flag
U008611,Normal
U008618,Flag
U008629,Normal
U008640,Flag
U008641,Normal
U008642,Flag
U008646,Flag
U008653,Normal
U008663,Flag
U008682,Flag
U008691,Flag
U008708,Normal
U008714,Flag
U008722,Flag
U008730,Flag
U008731,Flag
U008737,Flag
U008744,Normal
U008745,Flag
U008747,Flag
U008750,Normal
U008752,Flag
U008755,Flag
U008757,Flag
U008764,Flag
U008776,Flag
U008781,Flag
U008802,Flag
U008807,Normal
U008809,Normal
U008810,Flag
U008835,Normal
U008840,Flag
U008850,Flag
U008853,Flag
U008858,Flag
U008875,Flag
U008876,Flag
U008877,Flag
U008878,Flag
U008883,Flag
U008887,Flag
U008907,Flag
U008939,Flag
U008940,Flag
U008942,Normal
U008949,Flag
U008972,Flag
U008975,Flag
U008978,Flag
U008980,Flag
U008985,Flag
U008988,Flag
U008994,Normal
U008995,Flag
U008998,Flag
U009006,Flag
U009026,Flag
U009031,Normal
U009034,Flag
U009041,Flag
U009046,Flag
U009057,Flag
U009083,Normal
U009092,Flag
U009094,Flag
U009099,Flag
U009105,Normal
U009107,Normal
U009115,Flag
U009120,Flag
U009128,Flag
U009129,Normal
U009134,Normal
U009147,Flag
U009156,Flag
U009164,Normal
U009180,Flag
U009189,Flag
U009198,Normal
U009199,Flag
U009207,Normal
U009218,Flag
U009225,Normal
U009230,Flag
U009240,Flag
U009247,Flag
U009250,Normal
U009265,Flag
U009276,Flag
U009279,Flag
U009283,Flag
U009289,Normal
U009291,Flag
U009300,Normal
U009312,Flag
U009316,Flag
U009318,Flag
U009337,Flag
U009341,Flag
U009350,Normal
U009362,Normal
U009364,Flag
U009368,Flag
U009375,Flag
U009378,Flag
U009391,Flag
U009395,Normal
U009396,Flag
U009402,Flag
U009408,Flag
U009414,Flag
U009424,Flag
U009427,Flag
U009439,Normal
U009440,Flag
U009441,Normal
U009464,Flag
U009469,Flag
U009476,Flag
U009478,Flag
U009482,Flag
U009490,Flag
U009495,Flag
U009499,Flag
U009502,Flag
U009504,Normal
U009512,Flag
U009514,Normal
U009515,Flag
U009525,Flag
U009526,Normal
U009543,Flag
U009551,Flag
U009567,Normal
U009572,Flag
U009577,Normal
U009585,Flag
U009587,Flag
U009602,Flag
U009632,Flag
U009645,Flag
U009654,Flag
U009655,Flag
U009662,Normal
U009664,Flag
U009668,Flag
U009669,Flag
U009678,Flag
U009679,Normal
U009680,Flag
U009682,Flag
U009696,Flag
U009698,Normal
U009712,Normal
U009717,Normal
U009740,Normal
U009743,Flag
U009753,Flag
U009780,Flag
U009796,Flag
U009800,Normal
U009801,Flag
U009804,Flag
U009810,Normal
U009819,Normal
U009826,Flag
U009827,Normal
U009844,Flag
U009848,Flag
U009854,Flag
U009856,Flag
U009864,Flag
U009871,Flag
U009872,Normal
U009875,Flag
U009880,Flag
U009881,Flag
U009884,Flag
U009885,Normal
U009887,Normal
U009890,Flag
U009891,Flag
U009929,Flag
U009935,Flag
U009942,Flag
U009945,Flag
U009955,Flag
U009958,Flag
U009959,Flag
U009960,Normal
U009969,Flag
U009975,Normal
U009981,Flag
U009987,Flag
U009999,Normal
U005433,Flag
U005450,Normal
U005451,Flag
U005454,Flag
U005458,Flag
U005461,Flag
U005475,Normal
U005481,Flag
U005482,Normal
U005484,Normal
U005494,Normal
U005499,Flag
U005504,Flag
U005506,Normal
U005511,Flag
U005516,Flag
U005517,Flag
U005529,Flag
U005540,Normal
U005541,Flag
U005546,Normal
U005548,Normal
U005556,Normal
U005561,Normal
U005592,Flag
U005598,Flag
U005615,Flag
U005627,Flag
U005629,Flag
U005640,Flag
U005644,Flag
U005646,Flag
U005655,Flag
U005656,Normal
U005660,Flag
U005668,Normal
U005669,Flag
U005670,Flag
U005683,Flag
U005685,Flag
U005689,Flag
U005690,Normal
U005693,Flag
U005703,Flag
U005711,Normal
U005715,Flag
U005717,Normal
U005721,Flag
U005724,Flag
U005754,Flag
U005758,Flag
U005779,Flag
U005784,Flag
U005786,Flag
U005789,Flag
U005791,Normal
U005792,Flag
U005797,Flag
U005803,Normal
U005808,Flag
U005814,Flag
U005829,Flag
U005832,Normal
U005847,Flag
U005861,Flag
U005863,Flag
U005865,Normal
U005880,Normal
U005889,Normal
U005892,Flag
U005900,Flag
U005901,Flag
U005902,Normal
U005913,Flag
U005916,Flag
U005917,Flag
U005925,Flag
U005931,Flag
U005935,Flag
U005940,Flag
U005948,Flag
U005949,Normal
U005950,Flag
U005951,Normal
U005954,Flag
U005963,Flag
U005967,Flag
U005977,Flag
U005994,Flag
U005997,Normal
U006001,Flag
U006004,Normal
U006005,Flag
U006016,Flag
U006018,Flag
U006023,Normal
U006031,Flag
U006033,Flag
U006039,Flag
U006049,Flag
U006060,Normal
U006065,Flag
U006068,Normal
U006071,Normal
U006073,Normal
U006093,Flag
U006097,Flag
U006102,Flag
U006108,Normal
U006126,Flag
U006131,Normal
U006133,Flag
U006141,Normal
U006145,Normal
U006159,Flag
U006160,Normal
U006170,Flag
U006177,Flag
U006182,Flag
U006209,Flag
U006221,Normal
U006233,Flag
U006236,Flag
U006240,Flag
U006250,Flag
U006274,Flag
U006282,Flag
U006290,Flag
U006297,Normal
U006300,Flag
U006321,Flag
U006336,Normal
U006344,Normal
U006351,Flag
U006357,Normal
U006373,Flag
U006388,Flag
U006402,Flag
U006403,Flag
U006414,Flag
U006421,Flag
U006422,Flag
U006425,Flag
U006435,Flag
U006439,Flag
U006447,Normal
U006451,Normal
U006455,Normal
U006459,Flag
U006467,Normal
U006478,Flag
U006485,Normal
U006510,Flag
U006514,Flag
U006522,Normal
U006524,Normal
U006526,Normal
U006535,Flag
U006561,Flag
U006566,Normal
U006574,Flag
U006577,Flag
U006579,Normal
U006584,Flag
U006588,Flag
U006594,Normal
U006596,Flag
U006599,Normal
U006609,Flag
U006610,Flag
U006632,Flag
U006640,Normal
U006641,Flag
U006649,Flag
U006653,Flag
U006665,Normal
U006669,Normal
U006673,Flag
U006680,Flag
U006690,Flag
U006696,Flag
U006701,Flag
U006702,Flag
U006703,Normal
U006709,Flag
U006716,Flag
U006722,Flag
U006731,Flag
U006733,Normal
U006751,Flag
U006754,Flag
U006770,Flag
U006771,Flag
U006773,Flag
U006797,Normal
U006803,Normal
U006811,Flag
U006813,Flag
U006827,Flag
U006829,Normal
U006833,Normal
U006839,Flag
U006845,Flag
U006853,Flag
U006865,Normal
U006880,Flag
U006888,Flag
U006899,Flag
U006904,Flag
U006906,Normal
U006916,Normal
U006936,Flag
U006943,Normal
U006948,Flag
U006966,Flag
U006968,Normal
U006971,Flag
U006974,Flag
U006977,Normal
U006979,Flag
U006984,Flag
U006986,Flag
U006989,Flag
U006990,Flag
U006991,Flag
U007004,Flag
U007015,Normal
U007024,Flag
U007025,Flag
U007027,Flag
U007030,Flag
U007031,Flag
U007039,Flag
U007044,Flag
U007055,Normal
U007077,Flag
U007078,Flag
U007095,Flag
U007096,Flag
U007098,Flag
U007103,Flag
U007115,Flag
U007118,Flag
U007121,Flag
U007124,Flag
U007125,Flag
U007133,Flag
U007135,Normal
U007139,Normal
U007145,Flag
U007146,Normal
U007149,Flag
U007150,Flag
U007151,Normal
U007152,Flag
U007162,Flag
U007172,Normal
U007201,Normal
U007202,Flag
U007207,Flag
U007212,Normal
U007215,Flag
U007223,Flag
U007235,Normal
U007238,Normal
U007243,Flag
U007244,Flag
U007252,Flag
U007257,Flag
U007259,Flag
U007260,Normal
U007264,Flag
U007268,Flag
U007277,Flag
U007279,Normal
U007293,Flag
U007297,Flag
U007303,Flag
U007330,Flag
U007339,Flag
U007356,Flag
U007358,Flag
U007362,Flag
U007369,Flag
U007378,Flag
U007383,Flag
U007385,Flag
U007386,Flag
U007391,Flag
U007392,Flag
U007395,Flag
U007407,Flag
U007409,Flag
U007414,Flag
U007433,Normal
U007435,Flag
U007437,Flag
U007442,Flag
U007446,Flag
U007449,Normal
U007451,Flag
U007455,Flag
U007466,Flag
U007481,Flag
U007494,Normal
U007495,Flag
U007500,Normal
U007509,Normal
U007518,Flag
U007522,Flag
U007527,Flag
U007530,Flag
U007531,Normal
U007536,Flag
U007544,Flag
U007547,Flag
U007548,Flag
U007552,Flag
U007565,Flag
U007578,Flag
U007585,Flag
U007591,Normal
U007601,Flag
U007632,Flag
U007671,Flag
U007672,Normal
U007673,Flag
U007675,Normal
U007676,Flag
U007677,Normal
U007687,Normal
U007688,Flag
U007690,Flag
U007698,Normal
U007708,Normal
U007712,Flag
U007721,Normal
U007739,Flag
U007742,Normal
U007744,Flag
U007747,Flag
U007749,Normal
U007771,Normal
U007773,Flag
U007777,Flag
U007782,Normal
U007784,Flag
U007788,Flag
U007800,Flag
U007807,Normal
U007814,Flag
U007816,Normal
U007822,Flag
U007836,Flag
U007842,Normal
U007854,Flag
U007856,Flag
U007863,Flag
U007869,Flag
U007872,Flag
U007874,Flag
U007887,Flag
U007892,Flag
U007909,Flag
U007915,Normal
U007923,Normal
U007931,Flag
U007936,Flag
U007949,Normal
U007950,Flag
U007956,Flag
U007965,Flag
U007969,Flag
U007974,Flag
U007998,Normal
U008014,Flag
U008018,Flag
U008035,Flag
U008037,Flag
U008038,Flag
U008049,Flag
U008051,Flag
U008054,Flag
U008055,Flag
U008063,Flag
U008069,Flag
U008086,Flag
U008087,Normal
U008089,Flag
U008096,Flag
U008099,Flag
U008103,Normal
U008104,Flag
U008108,Flag
U008114,Flag
U008123,Normal
U008138,Flag
U008141,Flag
U008144,Flag
U008147,Normal
U008152,Flag
U008154,Flag
U008157,Flag
U008159,Flag
U008161,Normal
U008179,Flag
U008181,Flag
U008188,Flag
U008194,Flag
U008219,Flag
U008222,Flag
U008232,Flag
U008234,Flag
U008243,Normal
U008268,Flag
U008275,Normal
U008277,Flag
U008286,Normal
U008288,Flag
U008292,Flag
U008299,Flag
U008302,Normal
U008304,Normal
U008309,Normal
U008338,Flag
U008339,Flag
U008345,Flag
U008356,Flag
U008370,Flag
U008372,Flag
U008376,Normal
U008378,Flag
U008384,Flag
U008385,Flag
U008398,Flag
U008400,Flag
U008405,Flag
U008412,Flag
U008415,Normal
U008425,Flag
U008428,Flag
U008429,Flag
U008430,Flag
U008431,Flag
U008439,Flag
U008441,Flag
U008442,Normal
U008444,Flag
U008447,Flag
U008459,Flag
U008461,Normal
U008470,Flag
U008477,Flag
U008496,Flag
U008507,Flag
U008516,Flag
U008527,Flag
U008536,Flag
U008541,Flag
U008543,Flag
U008546,Flag
U008563,Flag
U008565,Flag
U008584,Flag
U008586,Flag
U008588,Flag
U008597,Flag
U008600,Flag
U008605,Flag
U008613,Flag
U008624,Flag
U008627,Normal
U008628,Flag
U008644,Flag
U008650,Flag
U008655,Normal
U008672,Normal
U008674,Flag
U008692,Flag
U008704,Flag
U008711,Flag
U008717,Flag
U008724,Flag
U008736,Normal
U008762,Flag
U008763,Flag
U008766,Flag
U008771,Flag
U008779,Normal
U008789,Flag
U008791,Flag
U008797,Flag
U008813,Normal
U008819,Flag
U008821,Normal
U008832,Flag
U008841,Normal
U008852,Flag
U008856,Flag
U008869,Flag
U008870,Flag
U008874,Flag
U008892,Flag
U008901,Normal
U008917,Flag
U008919,Flag
U008924,Flag
U008937,Flag
U008938,Flag
U008943,Flag
U008944,Flag
U008947,Flag
U008951,Flag
U008956,Normal
U008959,Normal
U008960,Flag
U008964,Normal
U008966,Flag
U008967,Normal
U008969,Flag
U008970,Normal
U008973,Flag
U008977,Flag
U008981,Flag
U008989,Flag
U009002,Flag
U009004,Normal
U009012,Flag
U009014,Flag
U009020,Flag
U009036,Normal
U009040,Normal
U009048,Flag
U009060,Flag
U009068,Normal
U009071,Normal
U009087,Flag
U009096,Flag
U009103,Normal
U009104,Normal
U009108,Flag
U009112,Flag
U009113,Flag
U009117,Flag
U009127,Flag
U009132,Normal
U009136,Flag
U009137,Flag
U009142,Flag
U009143,Flag
U009146,Flag
U009150,Flag
U009153,Normal
U009160,Flag
U009172,Flag
U009177,Flag
U009179,Flag
U009182,Flag
U009185,Normal
U009186,Flag
U009188,Normal
U009190,Flag
U009195,Flag
U009197,Flag
U009200,Flag
U009206,Flag
U009212,Flag
U009220,Flag
U009221,Flag
U009243,Flag
U009244,Flag
U009246,Flag
U009249,Normal
U009253,Flag
U009258,Flag
U009267,Flag
U009271,Flag
U009285,Flag
U009293,Flag
U009297,Normal
U009343,Normal
U009347,Flag
U009348,Normal
U009360,Flag
U009365,Flag
U009367,Flag
U009369,Flag
U009370,Normal
U009376,Flag
U009389,Normal
U009393,Flag
U009399,Normal
U009409,Flag
U009410,Flag
U009420,Flag
U009444,Normal
U009447,Flag
U009448,Flag
U009453,Flag
U009456,Normal
U009466,Flag
U009475,Flag
U009487,Flag
U009489,Flag
U009513,Flag
U009516,Flag
U009517,Normal
U009521,Flag
U009524,Flag
U009540,Normal
U009544,Flag
U009553,Flag
U009557,Flag
U009560,Flag
U009562,Flag
U009571,Flag
U009578,Flag
U009597,Flag
U009603,Normal
U009621,Flag
U009623,Normal
U009624,Flag
U009634,Normal
U009637,Flag
U009638,Normal
U009641,Flag
U009642,Flag
U009648,Flag
U009649,Flag
U009652,Normal
U009653,Flag
U009658,Flag
U009661,Flag
U009666,Flag
U009674,Flag
U009687,Flag
U009690,Normal
U009692,Normal
U009695,Flag
U009697,Flag
U009713,Normal
U009714,Flag
U009729,Flag
U009731,Flag
U009751,Flag
U009759,Flag
U009764,Flag
U009771,Flag
U009781,Flag
U009803,Flag
U009809,Flag
U009812,Flag
U009813,Flag
U009832,Flag
U009833,Flag
U009834,Normal
U009836,Flag
U009855,Normal
U009858,Normal
U009859,Flag
U009861,Flag
U009874,Normal
U009879,Normal
U009888,Flag
U009892,Flag
U009901,Flag
U009902,Normal
U009905,Flag
U009910,Flag
U009916,Flag
U009918,Flag
U009919,Flag
U009924,Flag
U009931,Normal
U009932,Flag
U009939,Flag
U009961,Normal
U009986,Flag
U005436,Normal
U005440,Flag
U005444,Flag
U005449,Flag
U005460,Flag
U005463,Flag
U005471,Flag
U005474,Normal
U005485,Normal
U005492,Flag
U005503,Flag
U005515,Flag
U005525,Flag
U005530,Flag
U005532,Flag
U005544,Flag
U005547,Normal
U005562,Flag
U005571,Flag
U005572,Flag
U005573,Flag
U005577,Flag
U005594,Flag
U005597,Normal
U005617,Flag
U005619,Normal
U005625,Flag
U005635,Flag
U005637,Flag
U005643,Normal
U005647,Flag
U005658,Flag
U005675,Normal
U005691,Flag
U005694,Flag
U005695,Flag
U005699,Flag
U005700,Normal
U005707,Normal
U005742,Normal
U005745,Normal
U005761,Flag
U005770,Flag
U005772,Normal
U005780,Flag
U005800,Flag
U005805,Flag
U005819,Flag
U005825,Flag
U005851,Normal
U005858,Flag
U005869,Normal
U005881,Flag
U005891,Flag
U005897,Flag
U005907,Normal
U005908,Normal
U005909,Flag
U005918,Flag
U005920,Flag
U005934,Flag
U005936,Flag
U005944,Flag
U005957,Normal
U005960,Flag
U005962,Normal
U005969,Flag
U006007,Normal
U006019,Normal
U006032,Normal
U006036,Flag
U006045,Normal
U006050,Flag
U006053,Flag
U006067,Flag
U006072,Flag
U006085,Flag
U006087,Flag
U006100,Flag
U006103,Flag
U006110,Flag
U006116,Flag
U006128,Flag
U006140,Flag
U006142,Flag
U006153,Flag
U006166,Flag
U006175,Normal
U006176,Flag
U006190,Flag
U006191,Flag
U006195,Normal
U006217,Flag
U006246,Flag
U006255,Flag
U006258,Flag
U006278,Flag
U006284,Flag
U006287,Flag
U006306,Flag
U006314,Normal
U006325,Normal
U006326,Flag
U006333,Flag
U006339,Flag
U006348,Flag
U006349,Flag
U006367,Flag
U006369,Flag
U006376,Flag
U006378,Flag
U006383,Flag
U006385,Flag
U006387,Flag
U006392,Flag
U006393,Flag
U006396,Flag
U006400,Normal
U006408,Flag
U006410,Normal
U006424,Normal
U006427,Flag
U006438,Normal
U006443,Normal
U006444,Flag
U006445,Flag
U006460,Flag
U006465,Normal
U006470,Normal
U006477,Flag
U006488,Flag
U006493,Flag
U006495,Flag
U006506,Flag
U006515,Flag
U006528,Flag
U006541,Flag
U006547,Flag
U006550,Flag
U006562,Flag
U006598,Flag
U006602,Normal
U006603,Flag
U006606,Flag
U006620,Flag
U006624,Flag
U006626,Flag
U006642,Flag
U006644,Flag
U006646,Flag
U006648,Flag
U006655,Flag
U006656,Flag
U006658,Flag
U006660,Flag
U006684,Normal
U006694,Flag
U006714,Flag
U006730,Flag
U006735,Flag
U006743,Flag
U006755,Flag
U006757,Flag
U006765,Flag
U006769,Normal
U006777,Flag
U006784,Flag
U006786,Flag
U006788,Flag
U006795,Flag
U006805,Normal
U006810,Flag
U006820,Flag
U006831,Flag
U006848,Flag
U006849,Flag
U006851,Flag
U006854,Normal
U006864,Flag
U006872,Flag
U006874,Flag
U006892,Flag
U006895,Flag
U006907,Normal
U006915,Flag
U006918,Flag
U006919,Flag
U006925,Flag
U006926,Normal
U006934,Normal
U006937,Flag
U006938,Flag
U006946,Normal
U006956,Flag
U006959,Normal
U006972,Flag
U006985,Flag
U006992,Normal
U006994,Flag
U007012,Flag
U007023,Normal
U007026,Normal
U007035,Flag
U007043,Flag
U007045,Flag
U007069,Flag
U007070,Flag
U007072,Flag
U007083,Flag
U007086,Normal
U007105,Normal
U007109,Flag
U007116,Flag
U007120,Normal
U007123,Flag
U007137,Flag
U007142,Flag
U007153,Flag
U007159,Flag
U007165,Flag
U007168,Normal
U007171,Flag
U007177,Flag
U007182,Flag
U007190,Flag
U007194,Flag
U007196,Normal
U007197,Flag
U007220,Normal
U007233,Flag
U007241,Flag
U007261,Flag
U007271,Flag
U007295,Normal
U007301,Normal
U007307,Flag
U007311,Flag
U007321,Flag
U007326,Normal
U007331,Flag
U007359,Flag
U007363,Normal
U007364,Normal
U007399,Normal
U007405,Flag
U007410,Normal
U007416,Flag
U007418,Flag
U007423,Flag
U007424,Flag
U007427,Flag
U007430,Flag
U007439,Flag
U007457,Flag
U007464,Normal
U007465,Normal
U007485,Flag
U007490,Flag
U007491,Flag
U007499,Flag
U007512,Flag
U007514,Flag
U007521,Flag
U007532,Flag
U007534,Flag
U007554,Flag
U007560,Flag
U007561,Flag
U007562,Flag
U007574,Normal
U007576,Flag
U007583,Flag
U007590,Flag
U007593,Flag
U007603,Flag
U007615,Flag
U007628,Flag
U007642,Flag
U007654,Flag
U007660,Normal
U007663,Flag
U007666,Flag
U007667,Flag
U007679,Flag
U007680,Flag
U007681,Flag
U007689,Flag
U007696,Flag
U007710,Flag
U007716,Normal
U007717,Flag
U007745,Flag
U007754,Flag
U007761,Flag
U007774,Flag
U007776,Flag
U007778,Flag
U007798,Flag
U007806,Flag
U007818,Flag
U007825,Normal
U007831,Normal
U007833,Flag
U007839,Normal
U007850,Flag
U007865,Flag
U007877,Flag
U007878,Flag
U007882,Flag
U007891,Flag
U007898,Flag
U007902,Normal
U007904,Flag
U007907,Flag
U007937,Flag
U007938,Normal
U007952,Normal
U007957,Flag
U007968,Normal
U007975,Flag
U007981,Flag
U007986,Normal
U007992,Normal
U007993,Flag
U008002,Normal
U008013,Flag
U008015,Flag
U008016,Normal
U008017,Flag
U008022,Flag
U008024,Flag
U008039,Normal
U008042,Flag
U008057,Flag
U008060,Normal
U008072,Flag
U008077,Flag
U008079,Flag
U008085,Flag
U008088,Flag
U008091,Flag
U008092,Flag
U008098,Flag
U008107,Flag
U008109,Flag
U008115,Normal
U008117,Flag
U008124,Flag
U008127,Flag
U008133,Flag
U008134,Flag
U008164,Flag
U008171,Flag
U008176,Flag
U008189,Flag
U008190,Normal
U008201,Flag
U008203,Flag
U008204,Flag
U008209,Normal
U008213,Flag
U008224,Flag
U008226,Flag
U008245,Normal
U008249,Flag
U008252,Flag
U008254,Flag
U008257,Flag
U008260,Flag
U008261,Flag
U008264,Flag
U008267,Flag
U008269,Flag
U008283,Normal
U008284,Flag
U008291,Normal
U008295,Flag
U008297,Flag
U008312,Normal
U008335,Flag
U008337,Normal
U008353,Normal
U008354,Flag
U008358,Normal
U008359,Flag
U008364,Normal
U008368,Flag
U008387,Flag
U008390,Flag
U008399,Flag
U008401,Flag
U008403,Flag
U008418,Flag
U008422,Normal
U008424,Flag
U008440,Flag
U008449,Flag
U008460,Normal
U008462,Flag
U008466,Normal
U008472,Flag
U008499,Flag
U008502,Flag
U008506,Normal
U008512,Normal
U008513,Normal
U008518,Flag
U008519,Flag
U008523,Flag
U008525,Normal
U008532,Flag
U008533,Flag
U008534,Flag
U008540,Flag
U008561,Flag
U008562,Flag
U008572,Flag
U008579,Flag
U008581,Flag
U008582,Flag
U008593,Flag
U008594,Flag
U008596,Flag
U008598,Flag
U008603,Normal
U008607,Flag
U008614,Flag
U008617,Flag
U008626,Flag
U008634,Flag
U008635,Flag
U008638,Flag
U008656,Normal
U008661,Flag
U008670,Flag
U008678,Flag
U008684,Flag
U008686,Normal
U008697,Flag
U008702,Flag
U008706,Flag
U008709,Flag
U008713,Flag
U008715,Normal
U008716,Flag
U008719,Flag
U008721,Normal
U008725,Flag
U008727,Flag
U008728,Flag
U008729,Flag
U008738,Normal
U008742,Flag
U008743,Flag
U008758,Flag
U008761,Flag
U008773,Flag
U008806,Flag
U008822,Normal
U008823,Flag
U008824,Flag
U008827,Flag
U008831,Normal
U008836,Flag
U008846,Normal
U008855,Normal
U008879,Flag
U008880,Flag
U008884,Normal
U008886,Flag
U008902,Flag
U008912,Normal
U008914,Flag
U008922,Flag
U008926,Flag
U008928,Flag
U008934,Flag
U008945,Flag
U008954,Flag
U008957,Flag
U008965,Normal
U008968,Flag
U008971,Flag
U008976,Flag
U008987,Flag
U008999,Normal
U009015,Flag
U009016,Flag
U009027,Normal
U009028,Flag
U009042,Normal
U009050,Flag
U009052,Normal
U009053,Flag
U009054,Flag
U009061,Flag
U009063,Normal
U009070,Flag
U009086,Flag
U009097,Flag
U009114,Flag
U009123,Flag
U009124,Normal
U009125,Flag
U009133,Flag
U009140,Flag
U009141,Flag
U009157,Flag
U009162,Flag
U009165,Flag
U009167,Flag
U009168,Flag
U009169,Normal
U009171,Flag
U009183,Flag
U009187,Flag
U009193,Flag
U009205,Flag
U009209,Flag
U009215,Flag
U009235,Normal
U009236,Flag
U009242,Flag
U009257,Flag
U009261,Flag
U009272,Normal
U009280,Normal
U009282,Flag
U009287,Flag
U009288,Normal
U009290,Normal
U009292,Normal
U009303,Normal
U009310,Flag
U009313,Flag
U009321,Flag
U009331,Flag
U009334,Flag
U009335,Flag
U009345,Flag
U009349,Normal
U009356,Flag
U009361,Flag
U009380,Flag
U009406,Flag
U009419,Flag
U009438,Flag
U009462,Flag
U009470,Flag
U009486,Flag
U009492,Normal
U009493,Flag
U009494,Normal
U009507,Flag
U009511,Normal
U009529,Normal
U009538,Flag
U009548,Flag
U009556,Flag
U009563,Flag
U009570,Flag
U009573,Flag
U009574,Flag
U009583,Flag
U009584,Flag
U009591,Flag
U009599,Flag
U009601,Normal
U009606,Normal
U009610,Normal
U009613,Flag
U009615,Flag
U009616,Flag
U009618,Flag
U009630,Normal
U009631,Flag
U009643,Flag
U009646,Flag
U009657,Flag
U009665,Normal
U009688,Flag
U009689,Flag
U009694,Normal
U009706,Flag
U009710,Normal
U009718,Flag
U009723,Normal
U009725,Flag
U009747,Normal
U009752,Flag
U009761,Flag
U009763,Normal
U009778,Flag
U009787,Normal
U009792,Flag
U009793,Flag
U009794,Normal
U009802,Flag
U009821,Flag
U009825,Flag
U009829,Flag
U009830,Flag
U009841,Flag
U009847,Flag
U009849,Flag
U009866,Flag
U009868,Flag
U009869,Flag
U009876,Flag
U009883,Flag
U009889,Normal
U009899,Flag
U009908,Flag
U009920,Normal
U009941,Flag
U009943,Normal
U009947,Flag
U009953,Flag
U009957,Normal
U009964,Normal
U009968,Normal
U009970,Flag
U009974,Normal
U009978,Normal
U009989,Flag
U009990,Flag
